Workbook

Sheet Roster
A1: NFL PICKS LEAGUE — ROSTER
A2: Player # | B2: Player Name | C2: Division | D2: Division Name
A3: 1 | B3: Evan Loeser | C3: A | D3: Division A
A4: 2 | B4: Chris Simmons | C4: A | D4: Division A
A5: 3 | B5: Jack Smith | C5: A | D5: Division A
A6: 4 | B6: Luke Ussery | C6: A | D6: Division A
A7: 5 | B7: Mikayla Simmons | C7: B | D7: Division B
A8: 6 | B8: Alan Loeser | C8: B | D8: Division B
A9: 7 | B9: Caleb Simmons | C9: B | D9: Division B
A10: 8 | B10: Larry Loeser | C10: B | D10: Division B
A11: 9 | B11: Daddy Michael | C11: C | D11: Division C
A12: 10 | B12: Zach Zarra | C12: C | D12: Division C
A13: 11 | B13: Jeffrey Loeser | C13: C | D13: Division C
A14: 12 | B14: Jake Andrews | C14: C | D14: Division C
A16: CURRENT WEEK: | B16: 7
A17: Div A: 1-4 | Div B: 5-8 | Div C: 9-12

Sheet Schedule
A1: WEEKS 1-6 (Inter-Division)
A2: Week 1
A3: # | B3: P# | C3: Name | D3: vs | E3: P# | F3: Name
A4: 1 | B4: 1 | C4: =VLOOKUP(B4,Roster!$A$3:$B$14,2,FALSE()) -> Evan Loeser | D4: vs | E4: 5 | F4: =VLOOKUP(E4,Roster!$A$3:$B$14,2,FALSE()) -> Mikayla Simmons
A5: 2 | B5: 2 | C5: =VLOOKUP(B5,Roster!$A$3:$B$14,2,FALSE()) -> Chris Simmons | D5: vs | E5: 6 | F5: =VLOOKUP(E5,Roster!$A$3:$B$14,2,FALSE()) -> Alan Loeser
A6: 3 | B6: 3 | C6: =VLOOKUP(B6,Roster!$A$3:$B$14,2,FALSE()) -> Jack Smith | D6: vs | E6: 9 | F6: =VLOOKUP(E6,Roster!$A$3:$B$14,2,FALSE()) -> Daddy Michael
A7: 4 | B7: 4 | C7: =VLOOKUP(B7,Roster!$A$3:$B$14,2,FALSE()) -> Luke Ussery | D7: vs | E7: 10 | F7: =VLOOKUP(E7,Roster!$A$3:$B$14,2,FALSE()) -> Zach Zarra
A8: 5 | B8: 7 | C8: =VLOOKUP(B8,Roster!$A$3:$B$14,2,FALSE()) -> Caleb Simmons | D8: vs | E8: 11 | F8: =VLOOKUP(E8,Roster!$A$3:$B$14,2,FALSE()) -> Jeffrey Loeser
A9: 6 | B9: 8 | C9: =VLOOKUP(B9,Roster!$A$3:$B$14,2,FALSE()) -> Larry Loeser | D9: vs | E9: 12 | F9: =VLOOKUP(E9,Roster!$A$3:$B$14,2,FALSE()) -> Jake Andrews
A11: Week 2
A12: # | B12: P# | C12: Name | D12: vs | E12: P# | F12: Name
A13: 1 | B13: 1 | C13: =VLOOKUP(B13,Roster!$A$3:$B$14,2,FALSE()) -> Evan Loeser | D13: vs | E13: 6 | F13: =VLOOKUP(E13,Roster!$A$3:$B$14,2,FALSE()) -> Alan Loeser
A14: 2 | B14: 2 | C14: =VLOOKUP(B14,Roster!$A$3:$B$14,2,FALSE()) -> Chris Simmons | D14: vs | E14: 5 | F14: =VLOOKUP(E14,Roster!$A$3:$B$14,2,FALSE()) -> Mikayla Simmons
A15: 3 | B15: 3 | C15: =VLOOKUP(B15,Roster!$A$3:$B$14,2,FALSE()) -> Jack Smith | D15: vs | E15: 10 | F15: =VLOOKUP(E15,Roster!$A$3:$B$14,2,FALSE()) -> Zach Zarra
A16: 4 | B16: 4 | C16: =VLOOKUP(B16,Roster!$A$3:$B$14,2,FALSE()) -> Luke Ussery | D16: vs | E16: 9 | F16: =VLOOKUP(E16,Roster!$A$3:$B$14,2,FALSE()) -> Daddy Michael
A17: 5 | B17: 7 | C17: =VLOOKUP(B17,Roster!$A$3:$B$14,2,FALSE()) -> Caleb Simmons | D17: vs | E17: 12 | F17: =VLOOKUP(E17,Roster!$A$3:$B$14,2,FALSE()) -> Jake Andrews
A18: 6 | B18: 8 | C18: =VLOOKUP(B18,Roster!$A$3:$B$14,2,FALSE()) -> Larry Loeser | D18: vs | E18: 11 | F18: =VLOOKUP(E18,Roster!$A$3:$B$14,2,FALSE()) -> Jeffrey Loeser
A20: Week 3
A21: # | B21: P# | C21: Name | D21: vs | E21: P# | F21: Name
A22: 1 | B22: 1 | C22: =VLOOKUP(B22,Roster!$A$3:$B$14,2,FALSE()) -> Evan Loeser | D22: vs | E22: 7 | F22: =VLOOKUP(E22,Roster!$A$3:$B$14,2,FALSE()) -> Caleb Simmons
A23: 2 | B23: 2 | C23: =VLOOKUP(B23,Roster!$A$3:$B$14,2,FALSE()) -> Chris Simmons | D23: vs | E23: 8 | F23: =VLOOKUP(E23,Roster!$A$3:$B$14,2,FALSE()) -> Larry Loeser
A24: 3 | B24: 3 | C24: =VLOOKUP(B24,Roster!$A$3:$B$14,2,FALSE()) -> Jack Smith | D24: vs | E24: 11 | F24: =VLOOKUP(E24,Roster!$A$3:$B$14,2,FALSE()) -> Jeffrey Loeser
A25: 4 | B25: 4 | C25: =VLOOKUP(B25,Roster!$A$3:$B$14,2,FALSE()) -> Luke Ussery | D25: vs | E25: 12 | F25: =VLOOKUP(E25,Roster!$A$3:$B$14,2,FALSE()) -> Jake Andrews
A26: 5 | B26: 5 | C26: =VLOOKUP(B26,Roster!$A$3:$B$14,2,FALSE()) -> Mikayla Simmons | D26: vs | E26: 9 | F26: =VLOOKUP(E26,Roster!$A$3:$B$14,2,FALSE()) -> Daddy Michael
A27: 6 | B27: 6 | C27: =VLOOKUP(B27,Roster!$A$3:$B$14,2,FALSE()) -> Alan Loeser | D27: vs | E27: 10 | F27: =VLOOKUP(E27,Roster!$A$3:$B$14,2,FALSE()) -> Zach Zarra
A29: Week 4
A30: # | B30: P# | C30: Name | D30: vs | E30: P# | F30: Name
A31: 1 | B31: 1 | C31: =VLOOKUP(B31,Roster!$A$3:$B$14,2,FALSE()) -> Evan Loeser | D31: vs | E31: 8 | F31: =VLOOKUP(E31,Roster!$A$3:$B$14,2,FALSE()) -> Larry Loeser
A32: 2 | B32: 2 | C32: =VLOOKUP(B32,Roster!$A$3:$B$14,2,FALSE()) -> Chris Simmons | D32: vs | E32: 7 | F32: =VLOOKUP(E32,Roster!$A$3:$B$14,2,FALSE()) -> Caleb Simmons
A33: 3 | B33: 3 | C33: =VLOOKUP(B33,Roster!$A$3:$B$14,2,FALSE()) -> Jack Smith | D33: vs | E33: 12 | F33: =VLOOKUP(E33,Roster!$A$3:$B$14,2,FALSE()) -> Jake Andrews
A34: 4 | B34: 4 | C34: =VLOOKUP(B34,Roster!$A$3:$B$14,2,FALSE()) -> Luke Ussery | D34: vs | E34: 11 | F34: =VLOOKUP(E34,Roster!$A$3:$B$14,2,FALSE()) -> Jeffrey Loeser
A35: 5 | B35: 5 | C35: =VLOOKUP(B35,Roster!$A$3:$B$14,2,FALSE()) -> Mikayla Simmons | D35: vs | E35: 10 | F35: =VLOOKUP(E35,Roster!$A$3:$B$14,2,FALSE()) -> Zach Zarra
A36: 6 | B36: 6 | C36: =VLOOKUP(B36,Roster!$A$3:$B$14,2,FALSE()) -> Alan Loeser | D36: vs | E36: 9 | F36: =VLOOKUP(E36,Roster!$A$3:$B$14,2,FALSE()) -> Daddy Michael
A38: Week 5
A39: # | B39: P# | C39: Name | D39: vs | E39: P# | F39: Name
A40: 1 | B40: 3 | C40: =VLOOKUP(B40,Roster!$A$3:$B$14,2,FALSE()) -> Jack Smith | D40: vs | E40: 5 | F40: =VLOOKUP(E40,Roster!$A$3:$B$14,2,FALSE()) -> Mikayla Simmons
A41: 2 | B41: 4 | C41: =VLOOKUP(B41,Roster!$A$3:$B$14,2,FALSE()) -> Luke Ussery | D41: vs | E41: 6 | F41: =VLOOKUP(E41,Roster!$A$3:$B$14,2,FALSE()) -> Alan Loeser
A42: 3 | B42: 1 | C42: =VLOOKUP(B42,Roster!$A$3:$B$14,2,FALSE()) -> Evan Loeser | D42: vs | E42: 11 | F42: =VLOOKUP(E42,Roster!$A$3:$B$14,2,FALSE()) -> Jeffrey Loeser
A43: 4 | B43: 2 | C43: =VLOOKUP(B43,Roster!$A$3:$B$14,2,FALSE()) -> Chris Simmons | D43: vs | E43: 12 | F43: =VLOOKUP(E43,Roster!$A$3:$B$14,2,FALSE()) -> Jake Andrews
A44: 5 | B44: 7 | C44: =VLOOKUP(B44,Roster!$A$3:$B$14,2,FALSE()) -> Caleb Simmons | D44: vs | E44: 10 | F44: =VLOOKUP(E44,Roster!$A$3:$B$14,2,FALSE()) -> Zach Zarra
A45: 6 | B45: 8 | C45: =VLOOKUP(B45,Roster!$A$3:$B$14,2,FALSE()) -> Larry Loeser | D45: vs | E45: 9 | F45: =VLOOKUP(E45,Roster!$A$3:$B$14,2,FALSE()) -> Daddy Michael
A47: Week 6
A48: # | B48: P# | C48: Name | D48: vs | E48: P# | F48: Name
A49: 1 | B49: 3 | C49: =VLOOKUP(B49,Roster!$A$3:$B$14,2,FALSE()) -> Jack Smith | D49: vs | E49: 7 | F49: =VLOOKUP(E49,Roster!$A$3:$B$14,2,FALSE()) -> Caleb Simmons
A50: 2 | B50: 4 | C50: =VLOOKUP(B50,Roster!$A$3:$B$14,2,FALSE()) -> Luke Ussery | D50: vs | E50: 8 | F50: =VLOOKUP(E50,Roster!$A$3:$B$14,2,FALSE()) -> Larry Loeser
A51: 3 | B51: 1 | C51: =VLOOKUP(B51,Roster!$A$3:$B$14,2,FALSE()) -> Evan Loeser | D51: vs | E51: 9 | F51: =VLOOKUP(E51,Roster!$A$3:$B$14,2,FALSE()) -> Daddy Michael
A52: 4 | B52: 2 | C52: =VLOOKUP(B52,Roster!$A$3:$B$14,2,FALSE()) -> Chris Simmons | D52: vs | E52: 10 | F52: =VLOOKUP(E52,Roster!$A$3:$B$14,2,FALSE()) -> Zach Zarra
A53: 5 | B53: 5 | C53: =VLOOKUP(B53,Roster!$A$3:$B$14,2,FALSE()) -> Mikayla Simmons | D53: vs | E53: 12 | F53: =VLOOKUP(E53,Roster!$A$3:$B$14,2,FALSE()) -> Jake Andrews
A54: 6 | B54: 6 | C54: =VLOOKUP(B54,Roster!$A$3:$B$14,2,FALSE()) -> Alan Loeser | D54: vs | E54: 11 | F54: =VLOOKUP(E54,Roster!$A$3:$B$14,2,FALSE()) -> Jeffrey Loeser
A56: WEEKS 7-12 (Inter-Division)
A57: Week 7
A58: # | B58: P# | C58: Name | D58: vs | E58: P# | F58: Name
A59: 1 | B59: 3 | C59: =VLOOKUP(B59,Roster!$A$3:$B$14,2,FALSE()) -> Jack Smith | D59: vs | E59: 8 | F59: =VLOOKUP(E59,Roster!$A$3:$B$14,2,FALSE()) -> Larry Loeser
A60: 2 | B60: 4 | C60: =VLOOKUP(B60,Roster!$A$3:$B$14,2,FALSE()) -> Luke Ussery | D60: vs | E60: 7 | F60: =VLOOKUP(E60,Roster!$A$3:$B$14,2,FALSE()) -> Caleb Simmons
A61: 3 | B61: 1 | C61: =VLOOKUP(B61,Roster!$A$3:$B$14,2,FALSE()) -> Evan Loeser | D61: vs | E61: 10 | F61: =VLOOKUP(E61,Roster!$A$3:$B$14,2,FALSE()) -> Zach Zarra
A62: 4 | B62: 2 | C62: =VLOOKUP(B62,Roster!$A$3:$B$14,2,FALSE()) -> Chris Simmons | D62: vs | E62: 9 | F62: =VLOOKUP(E62,Roster!$A$3:$B$14,2,FALSE()) -> Daddy Michael
A63: 5 | B63: 5 | C63: =VLOOKUP(B63,Roster!$A$3:$B$14,2,FALSE()) -> Mikayla Simmons | D63: vs | E63: 11 | F63: =VLOOKUP(E63,Roster!$A$3:$B$14,2,FALSE()) -> Jeffrey Loeser
A64: 6 | B64: 6 | C64: =VLOOKUP(B64,Roster!$A$3:$B$14,2,FALSE()) -> Alan Loeser | D64: vs | E64: 12 | F64: =VLOOKUP(E64,Roster!$A$3:$B$14,2,FALSE()) -> Jake Andrews
A66: Week 8
A67: # | B67: P# | C67: Name | D67: vs | E67: P# | F67: Name
A68: 1 | B68: 3 | C68: =VLOOKUP(B68,Roster!$A$3:$B$14,2,FALSE()) -> Jack Smith | D68: vs | E68: 6 | F68: =VLOOKUP(E68,Roster!$A$3:$B$14,2,FALSE()) -> Alan Loeser
A69: 2 | B69: 4 | C69: =VLOOKUP(B69,Roster!$A$3:$B$14,2,FALSE()) -> Luke Ussery | D69: vs | E69: 5 | F69: =VLOOKUP(E69,Roster!$A$3:$B$14,2,FALSE()) -> Mikayla Simmons
A70: 3 | B70: 1 | C70: =VLOOKUP(B70,Roster!$A$3:$B$14,2,FALSE()) -> Evan Loeser | D70: vs | E70: 12 | F70: =VLOOKUP(E70,Roster!$A$3:$B$14,2,FALSE()) -> Jake Andrews
A71: 4 | B71: 2 | C71: =VLOOKUP(B71,Roster!$A$3:$B$14,2,FALSE()) -> Chris Simmons | D71: vs | E71: 11 | F71: =VLOOKUP(E71,Roster!$A$3:$B$14,2,FALSE()) -> Jeffrey Loeser
A72: 5 | B72: 7 | C72: =VLOOKUP(B72,Roster!$A$3:$B$14,2,FALSE()) -> Caleb Simmons | D72: vs | E72: 10 | F72: =VLOOKUP(E72,Roster!$A$3:$B$14,2,FALSE()) -> Zach Zarra
A73: 6 | B73: 8 | C73: =VLOOKUP(B73,Roster!$A$3:$B$14,2,FALSE()) -> Larry Loeser | D73: vs | E73: 9 | F73: =VLOOKUP(E73,Roster!$A$3:$B$14,2,FALSE()) -> Daddy Michael
A75: Week 9
A76: # | B76: P# | C76: Name | D76: vs | E76: P# | F76: Name
A77: 1 | B77: 1 | C77: =VLOOKUP(B77,Roster!$A$3:$B$14,2,FALSE()) -> Evan Loeser | D77: vs | E77: 5 | F77: =VLOOKUP(E77,Roster!$A$3:$B$14,2,FALSE()) -> Mikayla Simmons
A78: 2 | B78: 2 | C78: =VLOOKUP(B78,Roster!$A$3:$B$14,2,FALSE()) -> Chris Simmons | D78: vs | E78: 6 | F78: =VLOOKUP(E78,Roster!$A$3:$B$14,2,FALSE()) -> Alan Loeser
A79: 3 | B79: 3 | C79: =VLOOKUP(B79,Roster!$A$3:$B$14,2,FALSE()) -> Jack Smith | D79: vs | E79: 10 | F79: =VLOOKUP(E79,Roster!$A$3:$B$14,2,FALSE()) -> Zach Zarra
A80: 4 | B80: 4 | C80: =VLOOKUP(B80,Roster!$A$3:$B$14,2,FALSE()) -> Luke Ussery | D80: vs | E80: 9 | F80: =VLOOKUP(E80,Roster!$A$3:$B$14,2,FALSE()) -> Daddy Michael
A81: 5 | B81: 7 | C81: =VLOOKUP(B81,Roster!$A$3:$B$14,2,FALSE()) -> Caleb Simmons | D81: vs | E81: 12 | F81: =VLOOKUP(E81,Roster!$A$3:$B$14,2,FALSE()) -> Jake Andrews
A82: 6 | B82: 8 | C82: =VLOOKUP(B82,Roster!$A$3:$B$14,2,FALSE()) -> Larry Loeser | D82: vs | E82: 11 | F82: =VLOOKUP(E82,Roster!$A$3:$B$14,2,FALSE()) -> Jeffrey Loeser
A84: Week 10
A85: # | B85: P# | C85: Name | D85: vs | E85: P# | F85: Name
A86: 1 | B86: 1 | C86: =VLOOKUP(B86,Roster!$A$3:$B$14,2,FALSE()) -> Evan Loeser | D86: vs | E86: 7 | F86: =VLOOKUP(E86,Roster!$A$3:$B$14,2,FALSE()) -> Caleb Simmons
A87: 2 | B87: 2 | C87: =VLOOKUP(B87,Roster!$A$3:$B$14,2,FALSE()) -> Chris Simmons | D87: vs | E87: 8 | F87: =VLOOKUP(E87,Roster!$A$3:$B$14,2,FALSE()) -> Larry Loeser
A88: 3 | B88: 3 | C88: =VLOOKUP(B88,Roster!$A$3:$B$14,2,FALSE()) -> Jack Smith | D88: vs | E88: 12 | F88: =VLOOKUP(E88,Roster!$A$3:$B$14,2,FALSE()) -> Jake Andrews
A89: 4 | B89: 4 | C89: =VLOOKUP(B89,Roster!$A$3:$B$14,2,FALSE()) -> Luke Ussery | D89: vs | E89: 11 | F89: =VLOOKUP(E89,Roster!$A$3:$B$14,2,FALSE()) -> Jeffrey Loeser
A90: 5 | B90: 5 | C90: =VLOOKUP(B90,Roster!$A$3:$B$14,2,FALSE()) -> Mikayla Simmons | D90: vs | E90: 10 | F90: =VLOOKUP(E90,Roster!$A$3:$B$14,2,FALSE()) -> Zach Zarra
A91: 6 | B91: 6 | C91: =VLOOKUP(B91,Roster!$A$3:$B$14,2,FALSE()) -> Alan Loeser | D91: vs | E91: 9 | F91: =VLOOKUP(E91,Roster!$A$3:$B$14,2,FALSE()) -> Daddy Michael
A93: Week 11
A94: # | B94: P# | C94: Name | D94: vs | E94: P# | F94: Name
A95: 1 | B95: 3 | C95: =VLOOKUP(B95,Roster!$A$3:$B$14,2,FALSE()) -> Jack Smith | D95: vs | E95: 5 | F95: =VLOOKUP(E95,Roster!$A$3:$B$14,2,FALSE()) -> Mikayla Simmons
A96: 2 | B96: 4 | C96: =VLOOKUP(B96,Roster!$A$3:$B$14,2,FALSE()) -> Luke Ussery | D96: vs | E96: 6 | F96: =VLOOKUP(E96,Roster!$A$3:$B$14,2,FALSE()) -> Alan Loeser
A97: 3 | B97: 1 | C97: =VLOOKUP(B97,Roster!$A$3:$B$14,2,FALSE()) -> Evan Loeser | D97: vs | E97: 10 | F97: =VLOOKUP(E97,Roster!$A$3:$B$14,2,FALSE()) -> Zach Zarra
A98: 4 | B98: 2 | C98: =VLOOKUP(B98,Roster!$A$3:$B$14,2,FALSE()) -> Chris Simmons | D98: vs | E98: 9 | F98: =VLOOKUP(E98,Roster!$A$3:$B$14,2,FALSE()) -> Daddy Michael
A99: 5 | B99: 7 | C99: =VLOOKUP(B99,Roster!$A$3:$B$14,2,FALSE()) -> Caleb Simmons | D99: vs | E99: 11 | F99: =VLOOKUP(E99,Roster!$A$3:$B$14,2,FALSE()) -> Jeffrey Loeser
A100: 6 | B100: 8 | C100: =VLOOKUP(B100,Roster!$A$3:$B$14,2,FALSE()) -> Larry Loeser | D100: vs | E100: 12 | F100: =VLOOKUP(E100,Roster!$A$3:$B$14,2,FALSE()) -> Jake Andrews
A102: Week 12
A103: # | B103: P# | C103: Name | D103: vs | E103: P# | F103: Name
A104: 1 | B104: 1 | C104: =VLOOKUP(B104,Roster!$A$3:$B$14,2,FALSE()) -> Evan Loeser | D104: vs | E104: 6 | F104: =VLOOKUP(E104,Roster!$A$3:$B$14,2,FALSE()) -> Alan Loeser
A105: 2 | B105: 2 | C105: =VLOOKUP(B105,Roster!$A$3:$B$14,2,FALSE()) -> Chris Simmons | D105: vs | E105: 5 | F105: =VLOOKUP(E105,Roster!$A$3:$B$14,2,FALSE()) -> Mikayla Simmons
A106: 3 | B106: 3 | C106: =VLOOKUP(B106,Roster!$A$3:$B$14,2,FALSE()) -> Jack Smith | D106: vs | E106: 11 | F106: =VLOOKUP(E106,Roster!$A$3:$B$14,2,FALSE()) -> Jeffrey Loeser
A107: 4 | B107: 4 | C107: =VLOOKUP(B107,Roster!$A$3:$B$14,2,FALSE()) -> Luke Ussery | D107: vs | E107: 12 | F107: =VLOOKUP(E107,Roster!$A$3:$B$14,2,FALSE()) -> Jake Andrews
A108: 5 | B108: 7 | C108: =VLOOKUP(B108,Roster!$A$3:$B$14,2,FALSE()) -> Caleb Simmons | D108: vs | E108: 9 | F108: =VLOOKUP(E108,Roster!$A$3:$B$14,2,FALSE()) -> Daddy Michael
A109: 6 | B109: 8 | C109: =VLOOKUP(B109,Roster!$A$3:$B$14,2,FALSE()) -> Larry Loeser | D109: vs | E109: 10 | F109: =VLOOKUP(E109,Roster!$A$3:$B$14,2,FALSE()) -> Zach Zarra
A111: WEEKS 13-18 (Divisional Round-Robin)
A112: Week 13
...

Sheet Picks Detail
A1: PICKS DETAIL — Enter each player's ATS pick per game
A2: Enter team abbreviation (e.g. SEA, NE). Green = correct, Red = wrong.
A4: WEEK 1
A5: # | B5: Away | C5: @ | D5: Home | E5: ATS Winner | F5: Evan Loeser | G5: Chris Simmons | H5: Jack Smith | I5: Luke Ussery | J5: Mikayla Simmons | K5: Alan Loeser | L5: Caleb Simmons | M5: Larry Loeser | N5: Daddy Michael | O5: Zach Zarra | P5: Jeffrey Loeser | Q5: Jake Andrews
A6: 1 | B6: NE | C6: @ | D6: SEA | E6: ='NFL Schedule'!J3 -> NE | F6: NE | G6: SEA | H6: SEA | I6: SEA | J6: NE | K6: SEA | L6: SEA | M6: SEA | N6: NE | O6: NE | P6: SEA | Q6: NE
A7: 2 | B7: SF | C7: @ | D7: LAR | E7: ='NFL Schedule'!J4 -> SF | F7: LAR | G7: LAR | H7: LAR | I7: LAR | J7: SF | K7: LAR | L7: LAR | M7: LAR | N7: SF | O7: LAR | P7: LAR | Q7: LAR
A8: 3 | B8: CHI | C8: @ | D8: CAR | E8: ='NFL Schedule'!J5 -> CHI | F8: CHI | G8: CHI | H8: CHI | I8: CHI | J8: CHI | K8: CAR | L8: CHI | M8: CHI | N8: CAR | O8: CHI | P8: CAR | Q8: CHI
A9: 4 | B9: TB | C9: @ | D9: CIN | E9: ='NFL Schedule'!J6 -> CIN | F9: CIN | G9: TB | H9: CIN | I9: TB | J9: CIN | K9: CIN | L9: CIN | M9: CIN | N9: TB | O9: CIN | P9: CIN | Q9: TB
A10: 5 | B10: NO | C10: @ | D10: DET | E10: ='NFL Schedule'!J7 -> NO | F10: DET | G10: DET | H10: DET | I10: DET | J10: NO | K10: DET | L10: DET | M10: DET | N10: DET | O10: DET | P10: DET | Q10: DET
A11: 6 | B11: BUF | C11: @ | D11: HOU | E11: ='NFL Schedule'!J8 -> BUF | F11: HOU | G11: BUF | H11: BUF | I11: HOU | J11: BUF | K11: BUF | L11: BUF | M11: BUF | N11: BUF | O11: BUF | P11: BUF | Q11: BUF
A12: 7 | B12: BAL | C12: @ | D12: IND | E12: ='NFL Schedule'!J9 -> BAL | F12: BAL | G12: BAL | H12: BAL | I12: BAL | J12: BAL | K12: BAL | L12: BAL | M12: BAL | N12: BAL | O12: BAL | P12: BAL | Q12: BAL
A13: 8 | B13: CLE | C13: @ | D13: JAX | E13: ='NFL Schedule'!J10 -> JAX | F13: JAX | G13: JAX | H13: JAX | I13: JAX | J13: JAX | K13: JAX | L13: JAX | M13: JAX | N13: CLE | O13: JAX | P13: JAX | Q13: JAX
A14: 9 | B14: ATL | C14: @ | D14: PIT | E14: ='NFL Schedule'!J11 -> PIT | F14: ATL | G14: PIT | H14: PIT | I14: PIT | J14: ATL | K14: PIT | L14: PIT | M14: PIT | N14: PIT | O14: PIT | P14: PIT | Q14: ATL
A15: 10 | B15: NYJ | C15: @ | D15: TEN | E15: ='NFL Schedule'!J12 -> NYJ | F15: TEN | G15: TEN | H15: TEN | I15: TEN | J15: NYJ | K15: NYJ | L15: TEN | M15: TEN | N15: NYJ | O15: NYJ | P15: NYJ | Q15: TEN
A16: 11 | B16: ARI | C16: @ | D16: LAC | E16: ='NFL Schedule'!J13 -> ARI | F16: LAC | G16: LAC | H16: LAC | I16: LAC | J16: ARI | K16: LAC | L16: LAC | M16: ARI | N16: ARI | O16: LAC | P16: LAC | Q16: LAC
A17: 12 | B17: MIA | C17: @ | D17: LV | E17: ='NFL Schedule'!J14 -> LV | F17: MIA | G17: MIA | H17: LV | I17: LV | J17: MIA | K17: MIA | L17: LV | M17: LV | N17: MIA | O17: LV | P17: LV | Q17: LV
... A21: 16 | B21: DEN | C21: @ | D21: KC | E21: ='NFL Schedule'!J18 -> KC | F21: DEN | G21: KC | H21: DEN | I21: KC | J21: DEN | K21: KC | L21: DEN | M21: DEN | N21: DEN | O21: DEN | P21: DEN | Q21: KC
A22: TB | B22: MNF Total | E22: ='NFL Schedule'!E19 -> 41 | F22: 43 | G22: 50 | H22: 39 | I22: 40 | J22: 30 | K22: 42 | L22: 52 | M22: 46 | N22: 44 | O22: 34 | P22: 41 | Q22: 51
A23: WEEK 2
A24: # | B24: Away | C24: @ | D24: Home | E24: ATS Winner | F24: Evan Loeser | G24: Chris Simmons | H24: Jack Smith | I24: Luke Ussery | J24: Mikayla Simmons | K24: Alan Loeser | L24: Caleb Simmons | M24: Larry Loeser | N24: Daddy Michael | O24: Zach Zarra | P24: Jeffrey Loeser | Q24: Jake Andrews
A25: 1 | B25: DET | C25: @ | D25: BUF | E25: ='NFL Schedule'!J22 -> BUF | F25: BUF | G25: BUF | H25: DET | I25: BUF | J25: BUF | K25: BUF | L25: BUF | M25: BUF | N25: DET | O25: BUF | P25: DET | Q25: BUF
A26: 2 | B26: CAR | C26: @ | D26: ATL | E26: ='NFL Schedule'!J23 -> CAR | F26: CAR | G26: CAR | H26: CAR | I26: CAR | J26: ATL | K26: CAR | L26: CAR | M26: CAR | N26: CAR | O26: CAR | P26: CAR | Q26: CAR
A27: 3 | B27: NO | C27: @ | D27: BAL | E27: ='NFL Schedule'!J24 -> NO | F27: BAL | G27: BAL | H27: BAL | I27: BAL | J27: BAL | K27: BAL | L27: BAL | M27: BAL | N27: NO | O27: NO | P27: BAL | Q27: BAL
A28: 4 | B28: MIN | C28: @ | D28: CHI | E28: ='NFL Schedule'!J25 -> MIN | F28: MIN | G28: CHI | H28: CHI | I28: CHI | J28: CHI | K28: CHI | L28: CHI | M28: CHI | N28: MIN | O28: CHI | P28: CHI | Q28: CHI
A29: 5 | B29: CIN | C29: @ | D29: HOU | E29: ='NFL Schedule'!J26 -> CIN | F29: HOU | G29: CIN | H29: CIN | I29: CIN | J29: HOU | K29: HOU | L29: HOU | M29: HOU | N29: CIN | O29: CIN | P29: HOU | Q29: HOU
A30: 6 | B30: PIT | C30: @ | D30: NE | E30: ='NFL Schedule'!J27 -> NE | F30: PIT | G30: NE | H30: PIT | I30: PIT | J30: PIT | K30: NE | L30: NE | M30: PIT | N30: PIT | O30: NE | P30: PIT | Q30: PIT
A31: 7 | B31: GB | C31: @ | D31: NYJ | E31: ='NFL Schedule'!J28 -> NYJ | F31: GB | G31: GB | H31: NYJ | I31: NYJ | J31: GB | K31: GB | L31: GB | M31: GB | N31: GB | O31: GB | P31: GB | Q31: GB
A32: 8 | B32: CLE | C32: @ | D32: TB | E32: ='NFL Schedule'!J29 -> CLE | F32: CLE | G32: TB | H32: CLE | I32: TB | J32: TB | K32: TB | L32: TB | M32: TB | N32: CLE | O32: TB | P32: TB | Q32: TB
A33: 9 | B33: PHI | C33: @ | D33: TEN | E33: ='NFL Schedule'!J30 -> TEN | F33: PHI | G33: PHI | H33: PHI | I33: PHI | J33: PHI | K33: PHI | L33: PHI | M33: PHI | N33: PHI | O33: PHI | P33: PHI | Q33: TEN
A34: 10 | B34: JAX | C34: @ | D34: DEN | E34: ='NFL Schedule'!J31 -> DEN | F34: JAX | G34: DEN | H34: JAX | I34: JAX | J34: JAX | K34: JAX | L34: JAX | M34: JAX | N34: JAX | O34: JAX | P34: JAX | Q34: JAX
A35: 11 | B35: LV | C35: @ | D35: LAC | E35: ='NFL Schedule'!J32 -> LV | F35: LV | G35: LAC | H35: LAC | I35: LV | J35: LV | K35: LAC | L35: LAC | M35: LAC | N35: LV | O35: LAC | P35: LV | Q35: LAC
A36: 12 | B36: SEA | C36: @ | D36: ARI | E36: ='NFL Schedule'!J33 -> SEA | F36: SEA | G36: SEA | H36: SEA | I36: SEA | J36: SEA | K36: SEA | L36: SEA | M36: SEA | N36: ARI | O36: SEA | P36: SEA | Q36: SEA
... A40: 16 | B40: NYG | C40: @ | D40: LAR | E40: ='NFL Schedule'!J37 -> LAR | F40: NYG | G40: LAR | H40: NYG | I40: NYG | J40: NYG | K40: LAR | L40: LAR | M40: NYG | N40: NYG | O40: NYG | P40: LAR | Q40: NYG
A41: TB | B41: MNF Total | E41: ='NFL Schedule'!E38 -> 34 | F41: 48 | G41: 47 | H41: 42 | I41: 40 | J41: 35 | K41: 45 | L41: 52 | M41: 45 | N41: 48 | O41: 42 | P41: 48 | Q41: 51
A42: WEEK 3
A43: # | B43: Away | C43: @ | D43: Home | E43: ATS Winner | F43: Evan Loeser | G43: Chris Simmons | H43: Jack Smith | I43: Luke Ussery | J43: Mikayla Simmons | K43: Alan Loeser | L43: Caleb Simmons | M43: Larry Loeser | N43: Daddy Michael | O43: Zach Zarra | P43: Jeffrey Loeser | Q43: Jake Andrews
A44: 1 | B44: ATL | C44: @ | D44: GB | E44: ='NFL Schedule'!J41 -> ATL | F44: ATL | G44: GB | H44: ATL | J44: GB | K44: GB | L44: GB | M44: GB | N44: GB | O44: GB
A45: 2 | B45: LAC | C45: @ | D45: BUF | E45: ='NFL Schedule'!J42 -> BUF | F45: BUF | G45: BUF | H45: BUF | J45: BUF | K45: BUF | L45: BUF | M45: BUF | N45: BUF | O45: BUF | P45: BUF | Q45: BUF
A46: 3 | B46: CAR | C46: @ | D46: CLE | E46: ='NFL Schedule'!J43 -> CLE | F46: CAR | G46: CLE | H46: CAR | J46: CAR | K46: CAR | L46: CAR | M46: CAR | N46: CLE | O46: CAR | P46: CAR | Q46: CAR
A47: 4 | B47: NYJ | C47: @ | D47: DET | E47: ='NFL Schedule'!J44 -> DET | F47: DET | G47: DET | H47: DET | J47: DET | K47: DET | L47: DET | M47: DET | N47: DET | O47: DET | P47: DET | Q47: NYJ
A48: 5 | B48: HOU | C48: @ | D48: IND | E48: ='NFL Schedule'!J45 -> IND | F48: IND | G48: IND | H48: IND | J48: IND | K48: HOU | L48: HOU | M48: HOU | N48: IND | O48: IND | P48: IND | Q48: HOU
A49: 6 | B49: KC | C49: @ | D49: MIA | E49: ='NFL Schedule'!J46 -> KC | F49: KC | G49: KC | H49: KC | J49: KC | K49: KC | L49: KC | M49: KC | N49: KC | O49: KC | P49: KC | Q49: KC
A50: 7 | B50: TEN | C50: @ | D50: NYG | E50: ='NFL Schedule'!J47 -> NYG | F50: TEN | G50: NYG | H50: TEN | J50: TEN | K50: TEN | L50: NYG | M50: TEN | N50: TEN | O50: TEN | P50: TEN | Q50: TEN
A51: 8 | B51: CIN | C51: @ | D51: PIT | E51: ='NFL Schedule'!J48 -> PIT | F51: CIN | G51: CIN | H51: CIN | J51: PIT | K51: PIT | L51: CIN | M51: CIN | N51: PIT | O51: CIN | P51: CIN | Q51: CIN
A52: 9 | B52: SEA | C52: @ | D52: WAS | E52: ='NFL Schedule'!J49 -> WAS | F52: SEA | G52: SEA | H52: SEA | J52: SEA | K52: SEA | L52: SEA | M52: SEA | N52: SEA | O52: SEA | P52: SEA | Q52: SEA
A53: 10 | B53: NE | C53: @ | D53: JAX | E53: ='NFL Schedule'!J50 -> JAX | F53: JAX | G53: NE | H53: JAX | J53: JAX | K53: JAX | L53: NE | M53: JAX | N53: NE | O53: NE | P53: JAX | Q53: JAX
A54: 11 | B54: ARI | C54: @ | D54: SF | E54: ='NFL Schedule'!J51 -> ARI | F54: ARI | G54: SF | H54: SF | J54: SF | K54: SF | L54: SF | M54: SF | N54: SF | O54: SF | P54: SF | Q54: SF
A55: 12 | B55: MIN | C55: @ | D55: TB | E55: ='NFL Schedule'!J52 -> MIN | F55: MIN | G55: MIN | H55: MIN | J55: MIN | K55: MIN | L55: MIN | M55: MIN | N55: TB | O55: MIN | P55: MIN | Q55: MIN
A56: 13 | B56: BAL | C56: @ | D56: DAL | E56: ='NFL Schedule'!J53 -> BAL | F56: BAL | G56: DAL | H56: DAL | J56: DAL | K56: DAL | L56: BAL | M56: BAL | N56: DAL | O56: DAL | P56: BAL | Q56: BAL
... A59: 16 | B59: PHI | C59: @ | D59: CHI | E59: ='NFL Schedule'!J56 -> CHI | F59: CHI | G59: PHI | H59: PHI | J59: PHI | K59: CHI | L59: PHI | M59: PHI | N59: PHI | O59: PHI | P59: PHI | Q59: PHI
A60: TB | B60: MNF Total | E60: ='NFL Schedule'!E57 -> 34 | F60: 44 | G60: 40 | H60: 48 | J60: 45 | K60: 43 | L60: 42 | M60: 43 | N60: 41 | O60: 42 | P60: 53 | Q60: 42
A61: WEEK 4
A62: # | B62: Away | C62: @ | D62: Home | E62: ATS Winner | F62: Evan Loeser | G62: Chris Simmons | H62: Jack Smith | I62: Luke Ussery | J62: Mikayla Simmons | K62: Alan Loeser | L62: Caleb Simmons | M62: Larry Loeser | N62: Daddy Michael | O62: Zach Zarra | P62: Jeffrey Loeser | Q62: Jake Andrews
A63: 1 | B63: PIT | C63: @ | D63: CLE | E63: ='NFL Schedule'!J60 -> CLE | F63: CLE | G63: PIT | H63: CLE | I63: PIT | J63: PIT | K63: PIT | L63: PIT | M63: CLE | N63: CLE | O63: PIT | P63: CLE | Q63: PIT
A64: 2 | B64: IND | C64: @ | D64: WAS | E64: ='NFL Schedule'!J61 -> IND | F64: WAS | G64: IND | H64: IND | I64: WAS | J64: WAS | K64: WAS | L64: IND | M64: IND | N64: WAS | O64: IND | P64: IND | Q64: IND
A65: 3 | B65: NE | C65: @ | D65: BUF | E65: ='NFL Schedule'!J62 -> NE | F65: NE | G65: BUF | H65: BUF | I65: NE | J65: BUF | K65: NE | L65: BUF | M65: BUF | N65: BUF | O65: NE | P65: BUF | Q65: NE
A66: 4 | B66: NYJ | C66: @ | D66: CHI | E66: ='NFL Schedule'!J63 -> CHI | F66: CHI | G66: CHI | H66: NYJ | I66: CHI | J66: CHI | K66: CHI | L66: CHI | M66: CHI | N66: CHI | O66: NYJ | P66: CHI | Q66: CHI
A67: 5 | B67: JAX | C67: @ | D67: CIN | E67: ='NFL Schedule'!J64 -> JAX | F67: JAX | G67: CIN | H67: JAX | I67: JAX | J67: JAX | K67: JAX | L67: JAX | M67: JAX | N67: JAX | O67: JAX | P67: JAX | Q67: JAX
A68: 6 | B68: ARI | C68: @ | D68: NYG | E68: ='NFL Schedule'!J65 -> NYG | F68: ARI | G68: NYG | H68: ARI | I68: NYG | J68: NYG | K68: NYG | L68: NYG | M68: ARI | N68: NYG | O68: ARI | P68: ARI | Q68: ARI
A69: 7 | B69: LAR | C69: @ | D69: PHI | E69: ='NFL Schedule'!J66 -> LAR | F69: LAR | G69: PHI | H69: LAR | I69: LAR | J69: PHI | K69: PHI | L69: PHI | M69: LAR | N69: PHI | O69: LAR | P69: LAR | Q69: LAR
A70: 8 | B70: GB | C70: @ | D70: TB | E70: ='NFL Schedule'!J67 -> TB | F70: GB | G70: TB | H70: GB | I70: TB | J70: GB | K70: GB | L70: GB | M70: GB | N70: GB | O70: GB | P70: TB | Q70: GB
A71: 9 | B71: TEN | C71: @ | D71: BAL | E71: ='NFL Schedule'!J68 -> TEN | F71: BAL | G71: BAL | H71: TEN | I71: TEN | J71: BAL | K71: BAL | L71: BAL | M71: BAL | N71: BAL | O71: TEN | P71: BAL | Q71: BAL
A72: 10 | B72: DAL | C72: @ | D72: HOU | E72: ='NFL Schedule'!J69 -> DAL | F72: HOU | G72: DAL | H72: DAL | I72: HOU | J72: DAL | K72: HOU | L72: DAL | M72: DAL | N72: DAL | O72: DAL | P72: HOU | Q72: HOU
A73: 11 | B73: MIA | C73: @ | D73: MIN | E73: ='NFL Schedule'!J70 -> MIA | F73: MIN | G73: MIN | H73: MIN | I73: MIA | J73: MIN | K73: MIN | L73: MIN | M73: MIN | N73: MIN | O73: MIN | P73: MIN | Q73: MIN
A74: 12 | B74: KC | C74: @ | D74: LV | E74: ='NFL Schedule'!J71 -> LV | F74: KC | G74: KC | H74: KC | I74: LV | J74: KC | K74: KC | L74: KC | M74: KC | N74: LV | O74: KC | P74: KC | Q74: KC
... A78: 16 | B78: ATL | C78: @ | D78: NO | E78: ='NFL Schedule'!J75 -> ATL | F78: ATL | G78: ATL | H78: ATL | I78: ATL | J78: ATL | K78: ATL | L78: NO | M78: ATL | N78: ATL | O78: NO | P78: NO | Q78: NO
A79: TB | B79: MNF Total | E79: ='NFL Schedule'!E76 -> 69 | F79: 45 | G79: 45 | H79: 51 | I79: 40 | J79: 32 | K79: 42 | L79: 42 | M79: 45 | N79: 49 | O79: 42 | P79: 41 | Q79: 44
A80: WEEK 5
A81: # | B81: Away | C81: @ | D81: Home | E81: ATS Winner | F81: Evan Loeser | G81: Chris Simmons | H81: Jack Smith | I81: Luke Ussery | J81: Mikayla Simmons | K81: Alan Loeser | L81: Caleb Simmons | M81: Larry Loeser | N81: Daddy Michael | O81: Zach Zarra | P81: Jeffrey Loeser | Q81: Jake Andrews
A82: 1 | B82: TB | C82: @ | D82: DAL | E82: ='NFL Schedule'!J79 -> TB | F82: TB | G82: DAL | H82: DAL | K82: DAL | L82: DAL | M82: DAL | N82: TB | Q82: DAL
A83: 2 | B83: PHI | C83: @ | D83: JAX | E83: ='NFL Schedule'!J80 -> PHI | F83: JAX | G83: PHI | H83: JAX | J83: JAX | K83: PHI | L83: JAX | M83: JAX | N83: JAX | O83: JAX | P83: JAX | Q83: JAX
A84: 3 | B84: HOU | C84: @ | D84: TEN | E84: ='NFL Schedule'!J81 -> HOU | F84: HOU | G84: HOU | H84: TEN | J84: HOU | K84: HOU | L84: TEN | M84: HOU | N84: TEN | O84: HOU | P84: HOU
A85: 4 | B85: CIN | C85: @ | D85: MIA | E85: ='NFL Schedule'!J82 -> MIA | F85: CIN | G85: CIN | H85: CIN | J85: CIN | K85: CIN | L85: CIN | M85: CIN | N85: MIA | O85: CIN | P85: CIN | Q85: CIN
A86: 5 | B86: LV | C86: @ | D86: NE | E86: ='NFL Schedule'!J83 -> NE | F86: NE | G86: LV | H86: NE | J86: LV | K86: LV | L86: NE | M86: NE | N86: LV | O86: NE | P86: LV | Q86: NE
A87: 6 | B87: MIN | C87: @ | D87: NO | E87: ='NFL Schedule'!J84 -> MIN | F87: MIN | G87: MIN | H87: NO | J87: MIN | K87: MIN | L87: MIN | M87: MIN | N87: NO | O87: MIN | P87: NO | Q87: NO
A88: 7 | B88: CLE | C88: @ | D88: NYJ | E88: ='NFL Schedule'!J85 -> NYJ | F88: CLE | G88: CLE | H88: CLE | J88: CLE | K88: CLE | L88: CLE | M88: CLE | N88: CLE | O88: CLE | P88: CLE | Q88: CLE
A89: 8 | B89: IND | C89: @ | D89: PIT | E89: ='NFL Schedule'!J86 -> PIT | F89: IND | G89: IND | H89: IND | J89: PIT | K89: PIT | L89: IND | M89: IND | N89: IND | O89: IND | P89: IND | Q89: PIT
A90: 9 | B90: NYG | C90: @ | D90: WAS | E90: ='NFL Schedule'!J87 -> NYG | F90: NYG | G90: NYG | H90: NYG | J90: NYG | K90: NYG | L90: NYG | M90: WAS | N90: NYG | O90: WAS | P90: NYG | Q90: WAS
A91: 10 | B91: DEN | C91: @ | D91: LAC | E91: ='NFL Schedule'!J88 -> DEN | F91: DEN | G91: DEN | H91: DEN | J91: DEN | K91: DEN | L91: DEN | M91: DEN | N91: LAC | O91: DEN | P91: DEN | Q91: DEN
A92: 11 | B92: CHI | C92: @ | D92: GB | E92: ='NFL Schedule'!J89 -> GB | F92: CHI | G92: CHI | H92: CHI | J92: GB | K92: CHI | L92: CHI | M92: CHI | N92: GB | O92: CHI | P92: CHI | Q92: CHI
A93: 12 | B93: DET | C93: @ | D93: ARI | E93: ='NFL Schedule'!J90 -> DET | F93: ARI | G93: DET | H93: DET | J93: ARI | K93: DET | L93: DET | M93: DET | N93: ARI | O93: DET | P93: ARI | Q93: ARI
A94: 13 | B94: SF | C94: @ | D94: SEA | E94: ='NFL Schedule'!J91 -> SF | F94: SF | G94: SF | H94: SEA | J94: SF | K94: SF | L94: SF | M94: SF | N94: SF | O94: SF | P94: SEA | Q94: SEA
A95: 14 | B95: BAL | C95: @ | D95: ATL | E95: ='NFL Schedule'!J92 -> BAL | F95: BAL | G95: BAL | H95: ATL | J95: BAL | K95: BAL | L95: ATL | M95: ATL | N95: ATL | O95: BAL | P95: BAL | Q95: ATL
A96: 15 | B96: BUF | C96: @ | D96: LAR | E96: ='NFL Schedule'!J93 -> BUF | F96: BUF | G96: BUF | H96: BUF | J96: BUF | K96: BUF | L96: BUF | M96: BUF | N96: BUF | O96: LAR | P96: BUF | Q96: BUF
A97: TB | B97: MNF Total | E97: ='NFL Schedule'!E94 -> 71 | F97: 51 | G97: 52 | H97: 43 | J97: 45 | K97: 42 | L97: 52 | M97: 45 | N97: 55 | O97: 50 | P97: 52 | Q97: 51
A98: WEEK 6
A99: # | B99: Away | C99: @ | D99: Home | E99: ATS Winner | F99: Evan Loeser | G99: Chris Simmons | H99: Jack Smith | I99: Luke Ussery | J99: Mikayla Simmons | K99: Alan Loeser | L99: Caleb Simmons | M99: Larry Loeser | N99: Daddy Michael | O99: Zach Zarra | P99: Jeffrey Loeser | Q99: Jake Andrews
A100: 1 | B100: SEA | C100: @ | D100: DEN | E100: ='NFL Schedule'!J97 -> DEN | F100: DEN | G100: SEA | H100: SEA | K100: SEA | L100: SEA | M100: DEN | N100: SEA | O100: SEA
A101: 2 | B101: HOU | C101: @ | D101: JAX | E101: ='NFL Schedule'!J98 -> HOU | F101: HOU | G101: JAX | H101: JAX | J101: JAX | K101: JAX | L101: JAX | M101: JAX | N101: HOU | O101: JAX | P101: HOU | Q101: JAX
A102: 3 | B102: CHI | C102: @ | D102: ATL | E102: ='NFL Schedule'!J99 -> CHI | F102: ATL | G102: CHI | H102: CHI | J102: CHI | K102: CHI | L102: CHI | M102: CHI | N102: ATL | O102: ATL | P102: CHI | Q102: CHI
A103: 4 | B103: BAL | C103: @ | D103: CLE | E103: ='NFL Schedule'!J100 -> CLE | F103: BAL | G103: BAL | H103: CLE | J103: CLE | K103: CLE | L103: BAL | M103: BAL | N103: BAL | O103: CLE | P103: CLE | Q103: BAL
A104: 5 | B104: TEN | C104: @ | D104: IND | E104: ='NFL Schedule'!J101 -> TEN | F104: TEN | G104: IND | H104: TEN | J104: IND | K104: IND | L104: IND | M104: IND | N104: IND | O104: IND | P104: IND | Q104: IND
A105: 6 | B105: NYJ | C105: @ | D105: NE | E105: ='NFL Schedule'!J102 -> NYJ | F105: NE | G105: NE | H105: NE | J105: NYJ | K105: NE | L105: NYJ | M105: NE | N105: NYJ | O105: NE | P105: NE | Q105: NE
A106: 7 | B106: NO | C106: @ | D106: NYG | E106: ='NFL Schedule'!J103 -> NO | F106: NYG | G106: NYG | H106: NYG | J106: NYG | K106: NYG | L106: NYG | M106: NYG | N106: NO | O106: NYG | P106: NYG | Q106: NO
A107: 8 | B107: CAR | C107: @ | D107: PHI | E107: ='NFL Schedule'!J104 -> CAR | F107: CAR | G107: CAR | H107: CAR | J107: PHI | K107: PHI | L107: CAR | M107: CAR | N107: CAR | O107: CAR | P107: CAR | Q107: CAR
A108: 9 | B108: PIT | C108: @ | D108: TB | E108: ='NFL Schedule'!J105 -> PIT | F108: PIT | G108: PIT | H108: PIT | J108: PIT | K108: TB | L108: PIT | M108: PIT | N108: TB | O108: PIT | P108: PIT | Q108: PIT
A109: 10 | B109: ARI | C109: @ | D109: LAR | E109: ='NFL Schedule'!J106 -> ARI | F109: LAR | G109: LAR | H109: ARI | J109: ARI | K109: LAR | L109: ARI | M109: LAR | N109: ARI | O109: ARI | P109: LAR | Q109: LAR
A110: 11 | B110: LAC | C110: @ | D110: KC | E110: ='NFL Schedule'!J107 -> KC | F110: LAC | G110: KC | H110: LAC | J110: KC | K110: KC | L110: KC | M110: KC | N110: LAC | O110: KC | P110: KC | Q110: KC
A111: 12 | B111: BUF | C111: @ | D111: LV | E111: ='NFL Schedule'!J108 -> LV | F111: BUF | G111: BUF | H111: BUF | J111: BUF | K111: BUF | L111: BUF | M111: LV | N111: LV | O111: BUF | P111: BUF | Q111: BUF
A112: 13 | B112: DAL | C112: @ | D112: GB | E112: ='NFL Schedule'!J109 -> GB | F112: DAL | G112: GB | H112: GB | J112: GB | K112: GB | L112: GB | M112: GB | N112: DAL | O112: GB | P112: DAL | Q112: GB
...

Sheet NFL Schedule
A1: WEEK 1
A2: Wk | B2: Day/Date | C2: Time | D2: Away | E2: Away Sc | F2: Home | G2: Home Sc | H2: Spread | I2: Winner | J2: ATS
A3: 1 | B3: Wed Sep 9 | C3: 8:20 PM | D3: NE | E3: 10 | F3: SEA | G3: 13 | H3: 3.5 | I3: =IF(OR(E3="",G3=""),"",IF(E3>G3,D3,IF(G3>E3,F3,"TIE"))) -> SEA | J3: =IF(OR(E3="",G3="",H3=""),"",IF(E3+H3>G3,D3,IF(E3+H3<G3,F3,"PUSH"))) -> NE
A4: 1 | B4: Thu Sep 10 | C4: 8:35 PM | D4: SF | E4: 27 | F4: LAR | G4: 7 | H4: 3.5 | I4: =IF(OR(E4="",G4=""),"",IF(E4>G4,D4,IF(G4>E4,F4,"TIE"))) -> SF | J4: =IF(OR(E4="",G4="",H4=""),"",IF(E4+H4>G4,D4,IF(E4+H4<G4,F4,"PUSH"))) -> SF
A5: 1 | B5: Sun Sep 13 | C5: 1:00 PM | D5: CHI | E5: 59 | F5: CAR | G5: 37 | H5: -2.5 | I5: =IF(OR(E5="",G5=""),"",IF(E5>G5,D5,IF(G5>E5,F5,"TIE"))) -> CHI | J5: =IF(OR(E5="",G5="",H5=""),"",IF(E5+H5>G5,D5,IF(E5+H5<G5,F5,"PUSH"))) -> CHI
A6: 1 | B6: Sun Sep 13 | C6: 1:00 PM | D6: TB | E6: 27 | F6: CIN | G6: 33 | H6: 3.5 | I6: =IF(OR(E6="",G6=""),"",IF(E6>G6,D6,IF(G6>E6,F6,"TIE"))) -> CIN | J6: =IF(OR(E6="",G6="",H6=""),"",IF(E6+H6>G6,D6,IF(E6+H6<G6,F6,"PUSH"))) -> CIN
A7: 1 | B7: Sun Sep 13 | C7: 1:00 PM | D7: NO | E7: 30 | F7: DET | G7: 31 | H7: 7.5 | I7: =IF(OR(E7="",G7=""),"",IF(E7>G7,D7,IF(G7>E7,F7,"TIE"))) -> DET | J7: =IF(OR(E7="",G7="",H7=""),"",IF(E7+H7>G7,D7,IF(E7+H7<G7,F7,"PUSH"))) -> NO
A8: 1 | B8: Sun Sep 13 | C8: 1:00 PM | D8: BUF | E8: 36 | F8: HOU | G8: 31 | H8: 1.5 | I8: =IF(OR(E8="",G8=""),"",IF(E8>G8,D8,IF(G8>E8,F8,"TIE"))) -> BUF | J8: =IF(OR(E8="",G8="",H8=""),"",IF(E8+H8>G8,D8,IF(E8+H8<G8,F8,"PUSH"))) -> BUF
A9: 1 | B9: Sun Sep 13 | C9: 1:00 PM | D9: BAL | E9: 41 | F9: IND | G9: 23 | H9: -3.5 | I9: =IF(OR(E9="",G9=""),"",IF(E9>G9,D9,IF(G9>E9,F9,"TIE"))) -> BAL | J9: =IF(OR(E9="",G9="",H9=""),"",IF(E9+H9>G9,D9,IF(E9+H9<G9,F9,"PUSH"))) -> BAL
A10: 1 | B10: Sun Sep 13 | C10: 1:00 PM | D10: CLE | E10: 10 | F10: JAX | G10: 34 | H10: 7.5 | I10: =IF(OR(E10="",G10=""),"",IF(E10>G10,D10,IF(G10>E10,F10,"TIE"))) -> JAX | J10: =IF(OR(E10="",G10="",H10=""),"",IF(E10+H10>G10,D10,IF(E10+H10<G10,F10,"PUSH"))) -> JAX
A11: 1 | B11: Sun Sep 13 | C11: 1:00 PM | D11: ATL | E11: 13 | F11: PIT | G11: 20 | H11: 3.5 | I11: =IF(OR(E11="",G11=""),"",IF(E11>G11,D11,IF(G11>E11,F11,"TIE"))) -> PIT | J11: =IF(OR(E11="",G11="",H11=""),"",IF(E11+H11>G11,D11,IF(E11+H11<G11,F11,"PUSH"))) -> PIT
A12: 1 | B12: Sun Sep 13 | C12: 1:00 PM | D12: NYJ | E12: 23 | F12: TEN | G12: 10 | H12: 2.5 | I12: =IF(OR(E12="",G12=""),"",IF(E12>G12,D12,IF(G12>E12,F12,"TIE"))) -> NYJ | J12: =IF(OR(E12="",G12="",H12=""),"",IF(E12+H12>G12,D12,IF(E12+H12<G12,F12,"PUSH"))) -> NYJ
A13: 1 | B13: Sun Sep 13 | C13: 4:25 PM | D13: ARI | E13: 26 | F13: LAC | G13: 14 | H13: 10.5 | I13: =IF(OR(E13="",G13=""),"",IF(E13>G13,D13,IF(G13>E13,F13,"TIE"))) -> ARI | J13: =IF(OR(E13="",G13="",H13=""),"",IF(E13+H13>G13,D13,IF(E13+H13<G13,F13,"PUSH"))) -> ARI
A14: 1 | B14: Sun Sep 13 | C14: 4:25 PM | D14: MIA | E14: 13 | F14: LV | G14: 27 | H14: 3.5 | I14: =IF(OR(E14="",G14=""),"",IF(E14>G14,D14,IF(G14>E14,F14,"TIE"))) -> LV | J14: =IF(OR(E14="",G14="",H14=""),"",IF(E14+H14>G14,D14,IF(E14+H14<G14,F14,"PUSH"))) -> LV
... A18: 1 | B18: Mon Sep 14 | C18: 8:15 PM | D18: DEN | E18: 10 | F18: KC | G18: 31 | H18: 2.5 | I18: =IF(OR(E18="",G18=""),"",IF(E18>G18,D18,IF(G18>E18,F18,"TIE"))) -> KC | J18: =IF(OR(E18="",G18="",H18=""),"",IF(E18+H18>G18,D18,IF(E18+H18<G18,F18,"PUSH"))) -> KC
D19: MNF Total | E19: =IF(AND(E18<>"",G18<>""),E18+G18,"") -> 41
A20: WEEK 2
A21: Wk | B21: Day/Date | C21: Time | D21: Away | E21: Away Sc | F21: Home | G21: Home Sc | H21: Spread | I21: Winner | J21: ATS
A22: 2 | B22: Thu Sep 17 | C22: 8:15 PM | D22: DET | E22: 31 | F22: BUF | G22: 41 | H22: 4.5 | I22: =IF(OR(E22="",G22=""),"",IF(E22>G22,D22,IF(G22>E22,F22,"TIE"))) -> BUF | J22: =IF(OR(E22="",G22="",H22=""),"",IF(E22+H22>G22,D22,IF(E22+H22<G22,F22,"PUSH"))) -> BUF
A23: 2 | B23: Sun Sep 20 | C23: 1:00 PM | D23: CAR | E23: 34 | F23: ATL | G23: 3 | H23: -1.5 | I23: =IF(OR(E23="",G23=""),"",IF(E23>G23,D23,IF(G23>E23,F23,"TIE"))) -> CAR | J23: =IF(OR(E23="",G23="",H23=""),"",IF(E23+H23>G23,D23,IF(E23+H23<G23,F23,"PUSH"))) -> CAR
A24: 2 | B24: Sun Sep 20 | C24: 1:00 PM | D24: NO | E24: 24 | F24: BAL | G24: 17 | H24: 8.5 | I24: =IF(OR(E24="",G24=""),"",IF(E24>G24,D24,IF(G24>E24,F24,"TIE"))) -> NO | J24: =IF(OR(E24="",G24="",H24=""),"",IF(E24+H24>G24,D24,IF(E24+H24<G24,F24,"PUSH"))) -> NO
A25: 2 | B25: Sun Sep 20 | C25: 1:00 PM | D25: MIN | E25: 9 | F25: CHI | G25: 3 | H25: 5.5 | I25: =IF(OR(E25="",G25=""),"",IF(E25>G25,D25,IF(G25>E25,F25,"TIE"))) -> MIN | J25: =IF(OR(E25="",G25="",H25=""),"",IF(E25+H25>G25,D25,IF(E25+H25<G25,F25,"PUSH"))) -> MIN
A26: 2 | B26: Sun Sep 20 | C26: 1:00 PM | D26: CIN | E26: 20 | F26: HOU | G26: 6 | H26: 2.5 | I26: =IF(OR(E26="",G26=""),"",IF(E26>G26,D26,IF(G26>E26,F26,"TIE"))) -> CIN | J26: =IF(OR(E26="",G26="",H26=""),"",IF(E26+H26>G26,D26,IF(E26+H26<G26,F26,"PUSH"))) -> CIN
A27: 2 | B27: Sun Sep 20 | C27: 1:00 PM | D27: PIT | E27: 3 | F27: NE | G27: 20 | H27: 5.5 | I27: =IF(OR(E27="",G27=""),"",IF(E27>G27,D27,IF(G27>E27,F27,"TIE"))) -> NE | J27: =IF(OR(E27="",G27="",H27=""),"",IF(E27+H27>G27,D27,IF(E27+H27<G27,F27,"PUSH"))) -> NE
A28: 2 | B28: Sun Sep 20 | C28: 1:00 PM | D28: GB | E28: 20 | F28: NYJ | G28: 17 | H28: -3.5 | I28: =IF(OR(E28="",G28=""),"",IF(E28>G28,D28,IF(G28>E28,F28,"TIE"))) -> GB | J28: =IF(OR(E28="",G28="",H28=""),"",IF(E28+H28>G28,D28,IF(E28+H28<G28,F28,"PUSH"))) -> NYJ
A29: 2 | B29: Sun Sep 20 | C29: 1:00 PM | D29: CLE | E29: 23 | F29: TB | G29: 19 | H29: 8.5 | I29: =IF(OR(E29="",G29=""),"",IF(E29>G29,D29,IF(G29>E29,F29,"TIE"))) -> CLE | J29: =IF(OR(E29="",G29="",H29=""),"",IF(E29+H29>G29,D29,IF(E29+H29<G29,F29,"PUSH"))) -> CLE
A30: 2 | B30: Sun Sep 20 | C30: 1:00 PM | D30: PHI | E30: 24 | F30: TEN | G30: 20 | H30: -7.5 | I30: =IF(OR(E30="",G30=""),"",IF(E30>G30,D30,IF(G30>E30,F30,"TIE"))) -> PHI | J30: =IF(OR(E30="",G30="",H30=""),"",IF(E30+H30>G30,D30,IF(E30+H30<G30,F30,"PUSH"))) -> TEN
A31: 2 | B31: Sun Sep 20 | C31: 4:05 PM | D31: JAX | E31: 13 | F31: DEN | G31: 20 | H31: 2.5 | I31: =IF(OR(E31="",G31=""),"",IF(E31>G31,D31,IF(G31>E31,F31,"TIE"))) -> DEN | J31: =IF(OR(E31="",G31="",H31=""),"",IF(E31+H31>G31,D31,IF(E31+H31<G31,F31,"PUSH"))) -> DEN
A32: 2 | B32: Sun Sep 20 | C32: 4:05 PM | D32: LV | E32: 26 | F32: LAC | G32: 14 | H32: 6.5 | I32: =IF(OR(E32="",G32=""),"",IF(E32>G32,D32,IF(G32>E32,F32,"TIE"))) -> LV | J32: =IF(OR(E32="",G32="",H32=""),"",IF(E32+H32>G32,D32,IF(E32+H32<G32,F32,"PUSH"))) -> LV
A33: 2 | B33: Sun Sep 20 | C33: 4:25 PM | D33: SEA | E33: 31 | F33: ARI | G33: 7 | H33: -3.5 | I33: =IF(OR(E33="",G33=""),"",IF(E33>G33,D33,IF(G33>E33,F33,"TIE"))) -> SEA | J33: =IF(OR(E33="",G33="",H33=""),"",IF(E33+H33>G33,D33,IF(E33+H33<G33,F33,"PUSH"))) -> SEA
... A37: 2 | B37: Mon Sep 21 | C37: 8:15 PM | D37: NYG | E37: 6 | F37: LAR | G37: 28 | H37: 7.5 | I37: =IF(OR(E37="",G37=""),"",IF(E37>G37,D37,IF(G37>E37,F37,"TIE"))) -> LAR | J37: =IF(OR(E37="",G37="",H37=""),"",IF(E37+H37>G37,D37,IF(E37+H37<G37,F37,"PUSH"))) -> LAR
D38: MNF Total | E38: =IF(AND(E37<>"",G37<>""),E37+G37,"") -> 34
A39: WEEK 3
A40: Wk | B40: Day/Date | C40: Time | D40: Away | E40: Away Sc | F40: Home | G40: Home Sc | H40: Spread | I40: Winner | J40: ATS
A41: 3 | B41: Thu Sep 24 | C41: 8:15 PM | D41: ATL | E41: 35 | F41: GB | G41: 14 | H41: 6.5 | I41: =IF(OR(E41="",G41=""),"",IF(E41>G41,D41,IF(G41>E41,F41,"TIE"))) -> ATL | J41: =IF(OR(E41="",G41="",H41=""),"",IF(E41+H41>G41,D41,IF(E41+H41<G41,F41,"PUSH"))) -> ATL
A42: 3 | B42: Sun Sep 27 | C42: 1:00 PM | D42: LAC | E42: 16 | F42: BUF | G42: 24 | H42: 7.5 | I42: =IF(OR(E42="",G42=""),"",IF(E42>G42,D42,IF(G42>E42,F42,"TIE"))) -> BUF | J42: =IF(OR(E42="",G42="",H42=""),"",IF(E42+H42>G42,D42,IF(E42+H42<G42,F42,"PUSH"))) -> BUF
A43: 3 | B43: Sun Sep 27 | C43: 1:00 PM | D43: CAR | E43: 18 | F43: CLE | G43: 21 | H43: -2.5 | I43: =IF(OR(E43="",G43=""),"",IF(E43>G43,D43,IF(G43>E43,F43,"TIE"))) -> CLE | J43: =IF(OR(E43="",G43="",H43=""),"",IF(E43+H43>G43,D43,IF(E43+H43<G43,F43,"PUSH"))) -> CLE
A44: 3 | B44: Sun Sep 27 | C44: 1:00 PM | D44: NYJ | E44: 24 | F44: DET | G44: 31 | H44: 6.5 | I44: =IF(OR(E44="",G44=""),"",IF(E44>G44,D44,IF(G44>E44,F44,"TIE"))) -> DET | J44: =IF(OR(E44="",G44="",H44=""),"",IF(E44+H44>G44,D44,IF(E44+H44<G44,F44,"PUSH"))) -> DET
A45: 3 | B45: Sun Sep 27 | C45: 1:00 PM | D45: HOU | E45: 17 | F45: IND | G45: 19 | H45: -2.5 | I45: =IF(OR(E45="",G45=""),"",IF(E45>G45,D45,IF(G45>E45,F45,"TIE"))) -> IND | J45: =IF(OR(E45="",G45="",H45=""),"",IF(E45+H45>G45,D45,IF(E45+H45<G45,F45,"PUSH"))) -> IND
A46: 3 | B46: Sun Sep 27 | C46: 1:00 PM | D46: KC | E46: 24 | F46: MIA | G46: 10 | H46: -11.5 | I46: =IF(OR(E46="",G46=""),"",IF(E46>G46,D46,IF(G46>E46,F46,"TIE"))) -> KC | J46: =IF(OR(E46="",G46="",H46=""),"",IF(E46+H46>G46,D46,IF(E46+H46<G46,F46,"PUSH"))) -> KC
A47: 3 | B47: Sun Sep 27 | C47: 1:00 PM | D47: TEN | E47: 7 | F47: NYG | G47: 12 | H47: 3.5 | I47: =IF(OR(E47="",G47=""),"",IF(E47>G47,D47,IF(G47>E47,F47,"TIE"))) -> NYG | J47: =IF(OR(E47="",G47="",H47=""),"",IF(E47+H47>G47,D47,IF(E47+H47<G47,F47,"PUSH"))) -> NYG
A48: 3 | B48: Sun Sep 27 | C48: 1:00 PM | D48: CIN | E48: 27 | F48: PIT | G48: 30 | H48: -3.5 | I48: =IF(OR(E48="",G48=""),"",IF(E48>G48,D48,IF(G48>E48,F48,"TIE"))) -> PIT | J48: =IF(OR(E48="",G48="",H48=""),"",IF(E48+H48>G48,D48,IF(E48+H48<G48,F48,"PUSH"))) -> PIT
A49: 3 | B49: Sun Sep 27 | C49: 1:00 PM | D49: SEA | E49: 31 | F49: WAS | G49: 33 | H49: -7.5 | I49: =IF(OR(E49="",G49=""),"",IF(E49>G49,D49,IF(G49>E49,F49,"TIE"))) -> WAS | J49: =IF(OR(E49="",G49="",H49=""),"",IF(E49+H49>G49,D49,IF(E49+H49<G49,F49,"PUSH"))) -> WAS
A50: 3 | B50: Sun Sep 27 | C50: 1:00 PM | D50: NE | E50: 6 | F50: JAX | G50: 35 | H50: 2.5 | I50: =IF(OR(E50="",G50=""),"",IF(E50>G50,D50,IF(G50>E50,F50,"TIE"))) -> JAX | J50: =IF(OR(E50="",G50="",H50=""),"",IF(E50+H50>G50,D50,IF(E50+H50<G50,F50,"PUSH"))) -> JAX
A51: 3 | B51: Sun Sep 27 | C51: 4:05 PM | D51: ARI | E51: 30 | F51: SF | G51: 36 | H51: 8.5 | I51: =IF(OR(E51="",G51=""),"",IF(E51>G51,D51,IF(G51>E51,F51,"TIE"))) -> SF | J51: =IF(OR(E51="",G51="",H51=""),"",IF(E51+H51>G51,D51,IF(E51+H51<G51,F51,"PUSH"))) -> ARI
A52: 3 | B52: Sun Sep 27 | C52: 4:05 PM | D52: MIN | E52: 23 | F52: TB | G52: 16 | H52: -1.5 | I52: =IF(OR(E52="",G52=""),"",IF(E52>G52,D52,IF(G52>E52,F52,"TIE"))) -> MIN | J52: =IF(OR(E52="",G52="",H52=""),"",IF(E52+H52>G52,D52,IF(E52+H52<G52,F52,"PUSH"))) -> MIN
... A56: 3 | B56: Mon Sep 28 | C56: 8:15 PM | D56: PHI | E56: 7 | F56: CHI | G56: 27 | H56: -3.5 | I56: =IF(OR(E56="",G56=""),"",IF(E56>G56,D56,IF(G56>E56,F56,"TIE"))) -> CHI | J56: =IF(OR(E56="",G56="",H56=""),"",IF(E56+H56>G56,D56,IF(E56+H56<G56,F56,"PUSH"))) -> CHI
D57: MNF Total | E57: =IF(AND(E56<>"",G56<>""),E56+G56,"") -> 34
A58: WEEK 4
A59: Wk | B59: Day/Date | C59: Time | D59: Away | E59: Away Sc | F59: Home | G59: Home Sc | H59: Spread | I59: Winner | J59: ATS
A60: 4 | B60: Thu Oct 1 | C60: 8:15 PM | D60: PIT | E60: 24 | F60: CLE | G60: 27 | H60: -2.5 | I60: =IF(OR(E60="",G60=""),"",IF(E60>G60,D60,IF(G60>E60,F60,"TIE"))) -> CLE | J60: =IF(OR(E60="",G60="",H60=""),"",IF(E60+H60>G60,D60,IF(E60+H60<G60,F60,"PUSH"))) -> CLE
A61: 4 | B61: Sun Oct 4 | C61: 9:30 AM | D61: IND | E61: 30 | F61: WAS | G61: 13 | H61: -3.5 | I61: =IF(OR(E61="",G61=""),"",IF(E61>G61,D61,IF(G61>E61,F61,"TIE"))) -> IND | J61: =IF(OR(E61="",G61="",H61=""),"",IF(E61+H61>G61,D61,IF(E61+H61<G61,F61,"PUSH"))) -> IND
A62: 4 | B62: Sun Oct 4 | C62: 1:00 PM | D62: NE | E62: 29 | F62: BUF | G62: 26 | H62: 6.5 | I62: =IF(OR(E62="",G62=""),"",IF(E62>G62,D62,IF(G62>E62,F62,"TIE"))) -> NE | J62: =IF(OR(E62="",G62="",H62=""),"",IF(E62+H62>G62,D62,IF(E62+H62<G62,F62,"PUSH"))) -> NE
A63: 4 | B63: Sun Oct 4 | C63: 1:00 PM | D63: NYJ | E63: 12 | F63: CHI | G63: 23 | H63: 3.5 | I63: =IF(OR(E63="",G63=""),"",IF(E63>G63,D63,IF(G63>E63,F63,"TIE"))) -> CHI | J63: =IF(OR(E63="",G63="",H63=""),"",IF(E63+H63>G63,D63,IF(E63+H63<G63,F63,"PUSH"))) -> CHI
A64: 4 | B64: Sun Oct 4 | C64: 1:00 PM | D64: JAX | E64: 22 | F64: CIN | G64: 17 | H64: 2.5 | I64: =IF(OR(E64="",G64=""),"",IF(E64>G64,D64,IF(G64>E64,F64,"TIE"))) -> JAX | J64: =IF(OR(E64="",G64="",H64=""),"",IF(E64+H64>G64,D64,IF(E64+H64<G64,F64,"PUSH"))) -> JAX
A65: 4 | B65: Sun Oct 4 | C65: 1:00 PM | D65: ARI | E65: 24 | F65: NYG | G65: 36 | H65: -0.5 | I65: =IF(OR(E65="",G65=""),"",IF(E65>G65,D65,IF(G65>E65,F65,"TIE"))) -> NYG | J65: =IF(OR(E65="",G65="",H65=""),"",IF(E65+H65>G65,D65,IF(E65+H65<G65,F65,"PUSH"))) -> NYG
A66: 4 | B66: Sun Oct 4 | C66: 1:00 PM | D66: LAR | E66: 24 | F66: PHI | G66: 20 | H66: -2.5 | I66: =IF(OR(E66="",G66=""),"",IF(E66>G66,D66,IF(G66>E66,F66,"TIE"))) -> LAR | J66: =IF(OR(E66="",G66="",H66=""),"",IF(E66+H66>G66,D66,IF(E66+H66<G66,F66,"PUSH"))) -> LAR
A67: 4 | B67: Sun Oct 4 | C67: 1:00 PM | D67: GB | E67: 17 | F67: TB | G67: 14 | H67: -3.5 | I67: =IF(OR(E67="",G67=""),"",IF(E67>G67,D67,IF(G67>E67,F67,"TIE"))) -> GB | J67: =IF(OR(E67="",G67="",H67=""),"",IF(E67+H67>G67,D67,IF(E67+H67<G67,F67,"PUSH"))) -> TB
A68: 4 | B68: Sun Oct 4 | C68: 1:00 PM | D68: TEN | E68: 18 | F68: BAL | G68: 24 | H68: 11.5 | I68: =IF(OR(E68="",G68=""),"",IF(E68>G68,D68,IF(G68>E68,F68,"TIE"))) -> BAL | J68: =IF(OR(E68="",G68="",H68=""),"",IF(E68+H68>G68,D68,IF(E68+H68<G68,F68,"PUSH"))) -> TEN
A69: 4 | B69: Sun Oct 4 | C69: 1:00 PM | D69: DAL | E69: 34 | F69: HOU | G69: 30 | H69: -2.5 | I69: =IF(OR(E69="",G69=""),"",IF(E69>G69,D69,IF(G69>E69,F69,"TIE"))) -> DAL | J69: =IF(OR(E69="",G69="",H69=""),"",IF(E69+H69>G69,D69,IF(E69+H69<G69,F69,"PUSH"))) -> DAL
A70: 4 | B70: Sun Oct 4 | C70: 4:05 PM | D70: MIA | E70: 10 | F70: MIN | G70: 15 | H70: 11.5 | I70: =IF(OR(E70="",G70=""),"",IF(E70>G70,D70,IF(G70>E70,F70,"TIE"))) -> MIN | J70: =IF(OR(E70="",G70="",H70=""),"",IF(E70+H70>G70,D70,IF(E70+H70<G70,F70,"PUSH"))) -> MIA
A71: 4 | B71: Sun Oct 4 | C71: 4:25 PM | D71: KC | E71: 30 | F71: LV | G71: 27 | H71: -4.5 | I71: =IF(OR(E71="",G71=""),"",IF(E71>G71,D71,IF(G71>E71,F71,"TIE"))) -> KC | J71: =IF(OR(E71="",G71="",H71=""),"",IF(E71+H71>G71,D71,IF(E71+H71<G71,F71,"PUSH"))) -> LV
... A75: 4 | B75: Mon Oct 5 | C75: 8:15 PM | D75: ATL | E75: 45 | F75: NO | G75: 24 | H75: 2.5 | I75: =IF(OR(E75="",G75=""),"",IF(E75>G75,D75,IF(G75>E75,F75,"TIE"))) -> ATL | J75: =IF(OR(E75="",G75="",H75=""),"",IF(E75+H75>G75,D75,IF(E75+H75<G75,F75,"PUSH"))) -> ATL
D76: MNF Total | E76: =IF(AND(E75<>"",G75<>""),E75+G75,"") -> 69
A77: WEEK 5
A78: Wk | B78: Day/Date | C78: Time | D78: Away | E78: Away Sc | F78: Home | G78: Home Sc | H78: Spread | I78: Winner | J78: ATS
A79: 5 | B79: Thu Oct 8 | C79: 8:15 PM | D79: TB | E79: 24 | F79: DAL | G79: 16 | H79: 8.5 | I79: =IF(OR(E79="",G79=""),"",IF(E79>G79,D79,IF(G79>E79,F79,"TIE"))) -> TB | J79: =IF(OR(E79="",G79="",H79=""),"",IF(E79+H79>G79,D79,IF(E79+H79<G79,F79,"PUSH"))) -> TB
A80: 5 | B80: Sun Oct 11 | C80: 9:30 AM | D80: PHI | E80: 17 | F80: JAX | G80: 19 | H80: 6.5 | I80: =IF(OR(E80="",G80=""),"",IF(E80>G80,D80,IF(G80>E80,F80,"TIE"))) -> JAX | J80: =IF(OR(E80="",G80="",H80=""),"",IF(E80+H80>G80,D80,IF(E80+H80<G80,F80,"PUSH"))) -> PHI
A81: 5 | B81: Sun Oct 11 | C81: 1:00 PM | D81: HOU | E81: 26 | F81: TEN | G81: 3 | H81: -7.5 | I81: =IF(OR(E81="",G81=""),"",IF(E81>G81,D81,IF(G81>E81,F81,"TIE"))) -> HOU | J81: =IF(OR(E81="",G81="",H81=""),"",IF(E81+H81>G81,D81,IF(E81+H81<G81,F81,"PUSH"))) -> HOU
A82: 5 | B82: Sun Oct 11 | C82: 1:00 PM | D82: CIN | E82: 31 | F82: MIA | G82: 24 | H82: -7.5 | I82: =IF(OR(E82="",G82=""),"",IF(E82>G82,D82,IF(G82>E82,F82,"TIE"))) -> CIN | J82: =IF(OR(E82="",G82="",H82=""),"",IF(E82+H82>G82,D82,IF(E82+H82<G82,F82,"PUSH"))) -> MIA
A83: 5 | B83: Sun Oct 11 | C83: 1:00 PM | D83: LV | E83: 17 | F83: NE | G83: 45 | H83: 3.5 | I83: =IF(OR(E83="",G83=""),"",IF(E83>G83,D83,IF(G83>E83,F83,"TIE"))) -> NE | J83: =IF(OR(E83="",G83="",H83=""),"",IF(E83+H83>G83,D83,IF(E83+H83<G83,F83,"PUSH"))) -> NE
A84: 5 | B84: Sun Oct 11 | C84: 1:00 PM | D84: MIN | E84: 23 | F84: NO | G84: 13 | H84: -1.5 | I84: =IF(OR(E84="",G84=""),"",IF(E84>G84,D84,IF(G84>E84,F84,"TIE"))) -> MIN | J84: =IF(OR(E84="",G84="",H84=""),"",IF(E84+H84>G84,D84,IF(E84+H84<G84,F84,"PUSH"))) -> MIN
A85: 5 | B85: Sun Oct 11 | C85: 1:00 PM | D85: CLE | E85: 12 | F85: NYJ | G85: 17 | H85: 2.5 | I85: =IF(OR(E85="",G85=""),"",IF(E85>G85,D85,IF(G85>E85,F85,"TIE"))) -> NYJ | J85: =IF(OR(E85="",G85="",H85=""),"",IF(E85+H85>G85,D85,IF(E85+H85<G85,F85,"PUSH"))) -> NYJ
A86: 5 | B86: Sun Oct 11 | C86: 1:00 PM | D86: IND | E86: 22 | F86: PIT | G86: 34 | H86: 2.5 | I86: =IF(OR(E86="",G86=""),"",IF(E86>G86,D86,IF(G86>E86,F86,"TIE"))) -> PIT | J86: =IF(OR(E86="",G86="",H86=""),"",IF(E86+H86>G86,D86,IF(E86+H86<G86,F86,"PUSH"))) -> PIT
A87: 5 | B87: Sun Oct 11 | C87: 1:00 PM | D87: NYG | E87: 27 | F87: WAS | G87: 27 | H87: 3.5 | I87: =IF(OR(E87="",G87=""),"",IF(E87>G87,D87,IF(G87>E87,F87,"TIE"))) -> TIE | J87: =IF(OR(E87="",G87="",H87=""),"",IF(E87+H87>G87,D87,IF(E87+H87<G87,F87,"PUSH"))) -> NYG
A88: 5 | B88: Sun Oct 11 | C88: 4:05 PM | D88: DEN | E88: 23 | F88: LAC | G88: 17 | H88: -3.5 | I88: =IF(OR(E88="",G88=""),"",IF(E88>G88,D88,IF(G88>E88,F88,"TIE"))) -> DEN | J88: =IF(OR(E88="",G88="",H88=""),"",IF(E88+H88>G88,D88,IF(E88+H88<G88,F88,"PUSH"))) -> DEN
A89: 5 | B89: Sun Oct 11 | C89: 4:25 PM | D89: CHI | E89: 7 | F89: GB | G89: 31 | H89: -2.5 | I89: =IF(OR(E89="",G89=""),"",IF(E89>G89,D89,IF(G89>E89,F89,"TIE"))) -> GB | J89: =IF(OR(E89="",G89="",H89=""),"",IF(E89+H89>G89,D89,IF(E89+H89<G89,F89,"PUSH"))) -> GB
A90: 5 | B90: Sun Oct 11 | C90: 4:25 PM | D90: DET | E90: 45 | F90: ARI | G90: 21 | H90: -4.5 | I90: =IF(OR(E90="",G90=""),"",IF(E90>G90,D90,IF(G90>E90,F90,"TIE"))) -> DET | J90: =IF(OR(E90="",G90="",H90=""),"",IF(E90+H90>G90,D90,IF(E90+H90<G90,F90,"PUSH"))) -> DET
... A93: 5 | B93: Mon Oct 12 | C93: 8:15 PM | D93: BUF | E93: 37 | F93: LAR | G93: 34 | H93: 2.5 | I93: =IF(OR(E93="",G93=""),"",IF(E93>G93,D93,IF(G93>E93,F93,"TIE"))) -> BUF | J93: =IF(OR(E93="",G93="",H93=""),"",IF(E93+H93>G93,D93,IF(E93+H93<G93,F93,"PUSH"))) -> BUF
D94: MNF Total | E94: =IF(AND(E93<>"",G93<>""),E93+G93,"") -> 71
A95: WEEK 6
A96: Wk | B96: Day/Date | C96: Time | D96: Away | E96: Away Sc | F96: Home | G96: Home Sc | H96: Spread | I96: Winner | J96: ATS
A97: 6 | B97: Thu Oct 15 | C97: 8:15 PM | D97: SEA | E97: 14 | F97: DEN | G97: 17 | H97: -2.5 | I97: =IF(OR(E97="",G97=""),"",IF(E97>G97,D97,IF(G97>E97,F97,"TIE"))) -> DEN | J97: =IF(OR(E97="",G97="",H97=""),"",IF(E97+H97>G97,D97,IF(E97+H97<G97,F97,"PUSH"))) -> DEN
A98: 6 | B98: Sun Oct 18 | C98: 9:30 AM | D98: HOU | E98: 34 | F98: JAX | G98: 31 | H98: 2.5 | I98: =IF(OR(E98="",G98=""),"",IF(E98>G98,D98,IF(G98>E98,F98,"TIE"))) -> HOU | J98: =IF(OR(E98="",G98="",H98=""),"",IF(E98+H98>G98,D98,IF(E98+H98<G98,F98,"PUSH"))) -> HOU
A99: 6 | B99: Sun Oct 18 | C99: 1:00 PM | D99: CHI | E99: 31 | F99: ATL | G99: 23 | H99: -3.5 | I99: =IF(OR(E99="",G99=""),"",IF(E99>G99,D99,IF(G99>E99,F99,"TIE"))) -> CHI | J99: =IF(OR(E99="",G99="",H99=""),"",IF(E99+H99>G99,D99,IF(E99+H99<G99,F99,"PUSH"))) -> CHI
A100: 6 | B100: Sun Oct 18 | C100: 1:00 PM | D100: BAL | E100: 10 | F100: CLE | G100: 13 | H100: -4.5 | I100: =IF(OR(E100="",G100=""),"",IF(E100>G100,D100,IF(G100>E100,F100,"TIE"))) -> CLE | J100: =IF(OR(E100="",G100="",H100=""),"",IF(E100+H100>G100,D100,IF(E100+H100<G100,F100,"PUSH"))) -> CLE
A101: 6 | B101: Sun Oct 18 | C101: 1:00 PM | D101: TEN | E101: 26 | F101: IND | G101: 20 | H101: 6.5 | I101: =IF(OR(E101="",G101=""),"",IF(E101>G101,D101,IF(G101>E101,F101,"TIE"))) -> TEN | J101: =IF(OR(E101="",G101="",H101=""),"",IF(E101+H101>G101,D101,IF(E101+H101<G101,F101,"PUSH"))) -> TEN
A102: 6 | B102: Sun Oct 18 | C102: 1:00 PM | D102: NYJ | E102: 19 | F102: NE | G102: 26 | H102: 7.5 | I102: =IF(OR(E102="",G102=""),"",IF(E102>G102,D102,IF(G102>E102,F102,"TIE"))) -> NE | J102: =IF(OR(E102="",G102="",H102=""),"",IF(E102+H102>G102,D102,IF(E102+H102<G102,F102,"PUSH"))) -> NYJ
A103: 6 | B103: Sun Oct 18 | C103: 1:00 PM | D103: NO | E103: 34 | F103: NYG | G103: 27 | H103: 1.5 | I103: =IF(OR(E103="",G103=""),"",IF(E103>G103,D103,IF(G103>E103,F103,"TIE"))) -> NO | J103: =IF(OR(E103="",G103="",H103=""),"",IF(E103+H103>G103,D103,IF(E103+H103<G103,F103,"PUSH"))) -> NO
A104: 6 | B104: Sun Oct 18 | C104: 1:00 PM | D104: CAR | E104: 25 | F104: PHI | G104: 14 | H104: 1.5 | I104: =IF(OR(E104="",G104=""),"",IF(E104>G104,D104,IF(G104>E104,F104,"TIE"))) -> CAR | J104: =IF(OR(E104="",G104="",H104=""),"",IF(E104+H104>G104,D104,IF(E104+H104<G104,F104,"PUSH"))) -> CAR
A105: 6 | B105: Sun Oct 18 | C105: 1:00 PM | D105: PIT | E105: 26 | F105: TB | G105: 19 | H105: -2.5 | I105: =IF(OR(E105="",G105=""),"",IF(E105>G105,D105,IF(G105>E105,F105,"TIE"))) -> PIT | J105: =IF(OR(E105="",G105="",H105=""),"",IF(E105+H105>G105,D105,IF(E105+H105<G105,F105,"PUSH"))) -> PIT
A106: 6 | B106: Sun Oct 18 | C106: 4:05 PM | D106: ARI | E106: 18 | F106: LAR | G106: 16 | H106: 13.5 | I106: =IF(OR(E106="",G106=""),"",IF(E106>G106,D106,IF(G106>E106,F106,"TIE"))) -> ARI | J106: =IF(OR(E106="",G106="",H106=""),"",IF(E106+H106>G106,D106,IF(E106+H106<G106,F106,"PUSH"))) -> ARI
A107: 6 | B107: Sun Oct 18 | C107: 4:25 PM | D107: LAC | E107: 6 | F107: KC | G107: 22 | H107: 8.5 | I107: =IF(OR(E107="",G107=""),"",IF(E107>G107,D107,IF(G107>E107,F107,"TIE"))) -> KC | J107: =IF(OR(E107="",G107="",H107=""),"",IF(E107+H107>G107,D107,IF(E107+H107<G107,F107,"PUSH"))) -> KC
A108: 6 | B108: Sun Oct 18 | C108: 4:25 PM | D108: BUF | E108: 33 | F108: LV | G108: 30 | H108: -5.5 | I108: =IF(OR(E108="",G108=""),"",IF(E108>G108,D108,IF(G108>E108,F108,"TIE"))) -> BUF | J108: =IF(OR(E108="",G108="",H108=""),"",IF(E108+H108>G108,D108,IF(E108+H108<G108,F108,"PUSH"))) -> LV
... A110: 6 | B110: Mon Oct 19 | C110: 8:15 PM | D110: WAS | E110: 17 | F110: SF | G110: 23 | H110: 7.5 | I110: =IF(OR(E110="",G110=""),"",IF(E110>G110,D110,IF(G110>E110,F110,"TIE"))) -> SF | J110: =IF(OR(E110="",G110="",H110=""),"",IF(E110+H110>G110,D110,IF(E110+H110<G110,F110,"PUSH"))) -> WAS
D111: MNF Total | E111: =IF(AND(E110<>"",G110<>""),E110+G110,"") -> 40
A112: WEEK 7
A113: Wk | B113: Day/Date | C113: Time | D113: Away | E113: Away Sc | F113: Home | G113: Home Sc | H113: Spread | I113: Winner | J113: ATS
A114: 7 | B114: Thu Oct 22 | C114: 8:15 PM | D114: NE | F114: CHI | I114: =IF(OR(E114="",G114=""),"",IF(E114>G114,D114,IF(G114>E114,F114,"TIE"))) | J114: =IF(OR(E114="",G114="",H114=""),"",IF(E114+H114>G114,D114,IF(E114+H114<G114,F114,"PUSH")))
A115: 7 | B115: Sun Oct 25 | C115: 9:30 AM | D115: PIT | F115: NO | I115: =IF(OR(E115="",G115=""),"",IF(E115>G115,D115,IF(G115>E115,F115,"TIE"))) | J115: =IF(OR(E115="",G115="",H115=""),"",IF(E115+H115>G115,D115,IF(E115+H115<G115,F115,"PUSH")))
...

Sheet Wk 1-6 Input
A1: WEEKS 1-6 — WEEKLY INPUT
A2: Enter correct picks. H2H auto-calculated.
A4: WEEK 1
A5: Player # | B5: Player Name | C5: Correct Picks | D5: H2H Opp | E5: Opp Picks | F5: H2H Result | G5: H2H Pts | H5: Pick Pts | I5: Week Total
A6: 1 | B6: =Roster!B3 -> Evan Loeser | C6: =SUMPRODUCT(('Picks Detail'!F6:F21<>"")*('Picks Detail'!E6:E21<>"")*('Picks Detail'!F6:F21='Picks Detail'!E6:E21)) -> 5 | D6: 5 | E6: =IFERROR(INDEX(C$6:C$17,MATCH(5,A$6:A$17,0)),0) -> 10 | F6: =IF(C6=0,"-",IF(C6>E6,"W",IF(C6<E6,"L",IF(AND('Picks Detail'!E22<>"",INDEX('Picks Detail'!F22:Q22,1,A6)<>"",INDEX('Picks Detail'!F22:Q22,1,D6)<>""),IF(ABS(INDEX('Picks Detail'!F22:Q22,1,A6)-'Picks Detail'!E22)<ABS(INDEX('Picks Detail'!F22:Q22,1,D6)-'Picks Detail'!E22),"W",IF(ABS(INDEX('Picks Detail'!F22:Q22,1,A6)-'Picks Detail'!E22)>ABS(INDEX('Picks Detail'!F22:Q22,1,D6)-'Picks Detail'!E22),"L","T")),"T")))) -> L | G6: =IF(F6="W",6,IF(F6="T",3,0)) -> 0 | H6: =IF(C6="",0,C6) -> 5 | I6: =G6+H6 -> 5
A7: 2 | B7: =Roster!B4 -> Chris Simmons | C7: =SUMPRODUCT(('Picks Detail'!G6:G21<>"")*('Picks Detail'!E6:E21<>"")*('Picks Detail'!G6:G21='Picks Detail'!E6:E21)) -> 7 | D7: 6 | E7: =IFERROR(INDEX(C$6:C$17,MATCH(6,A$6:A$17,0)),0) -> 7 | F7: =IF(C7=0,"-",IF(C7>E7,"W",IF(C7<E7,"L",IF(AND('Picks Detail'!E22<>"",INDEX('Picks Detail'!F22:Q22,1,A7)<>"",INDEX('Picks Detail'!F22:Q22,1,D7)<>""),IF(ABS(INDEX('Picks Detail'!F22:Q22,1,A7)-'Picks Detail'!E22)<ABS(INDEX('Picks Detail'!F22:Q22,1,D7)-'Picks Detail'!E22),"W",IF(ABS(INDEX('Picks Detail'!F22:Q22,1,A7)-'Picks Detail'!E22)>ABS(INDEX('Picks Detail'!F22:Q22,1,D7)-'Picks Detail'!E22),"L","T")),"T")))) -> L | G7: =IF(F7="W",6,IF(F7="T",3,0)) -> 0 | H7: =IF(C7="",0,C7) -> 7 | I7: =G7+H7 -> 7
A8: 3 | B8: =Roster!B5 -> Jack Smith | C8: =SUMPRODUCT(('Picks Detail'!H6:H21<>"")*('Picks Detail'!E6:E21<>"")*('Picks Detail'!H6:H21='Picks Detail'!E6:E21)) -> 8 | D8: 9 | E8: =IFERROR(INDEX(C$6:C$17,MATCH(9,A$6:A$17,0)),0) -> 8 | F8: =IF(C8=0,"-",IF(C8>E8,"W",IF(C8<E8,"L",IF(AND('Picks Detail'!E22<>"",INDEX('Picks Detail'!F22:Q22,1,A8)<>"",INDEX('Picks Detail'!F22:Q22,1,D8)<>""),IF(ABS(INDEX('Picks Detail'!F22:Q22,1,A8)-'Picks Detail'!E22)<ABS(INDEX('Picks Detail'!F22:Q22,1,D8)-'Picks Detail'!E22),"W",IF(ABS(INDEX('Picks Detail'!F22:Q22,1,A8)-'Picks Detail'!E22)>ABS(INDEX('Picks Detail'!F22:Q22,1,D8)-'Picks Detail'!E22),"L","T")),"T")))) -> W | G8: =IF(F8="W",6,IF(F8="T",3,0)) -> 6 | H8: =IF(C8="",0,C8) -> 8 | I8: =G8+H8 -> 14
A9: 4 | B9: =Roster!B6 -> Luke Ussery | C9: =SUMPRODUCT(('Picks Detail'!I6:I21<>"")*('Picks Detail'!E6:E21<>"")*('Picks Detail'!I6:I21='Picks Detail'!E6:E21)) -> 6 | D9: 10 | E9: =IFERROR(INDEX(C$6:C$17,MATCH(10,A$6:A$17,0)),0) -> 11 | F9: =IF(C9=0,"-",IF(C9>E9,"W",IF(C9<E9,"L",IF(AND('Picks Detail'!E22<>"",INDEX('Picks Detail'!F22:Q22,1,A9)<>"",INDEX('Picks Detail'!F22:Q22,1,D9)<>""),IF(ABS(INDEX('Picks Detail'!F22:Q22,1,A9)-'Picks Detail'!E22)<ABS(INDEX('Picks Detail'!F22:Q22,1,D9)-'Picks Detail'!E22),"W",IF(ABS(INDEX('Picks Detail'!F22:Q22,1,A9)-'Picks Detail'!E22)>ABS(INDEX('Picks Detail'!F22:Q22,1,D9)-'Picks Detail'!E22),"L","T")),"T")))) -> L | G9: =IF(F9="W",6,IF(F9="T",3,0)) -> 0 | H9: =IF(C9="",0,C9) -> 6 | I9: =G9+H9 -> 6
A10: 5 | B10: =Roster!B7 -> Mikayla Simmons | C10: =SUMPRODUCT(('Picks Detail'!J6:J21<>"")*('Picks Detail'!E6:E21<>"")*('Picks Detail'!J6:J21='Picks Detail'!E6:E21)) -> 10 | D10: 1 | E10: =IFERROR(INDEX(C$6:C$17,MATCH(1,A$6:A$17,0)),0) -> 5 | F10: =IF(C10=0,"-",IF(C10>E10,"W",IF(C10<E10,"L",IF(AND('Picks Detail'!E22<>"",INDEX('Picks Detail'!F22:Q22,1,A10)<>"",INDEX('Picks Detail'!F22:Q22,1,D10)<>""),IF(ABS(INDEX('Picks Detail'!F22:Q22,1,A10)-'Picks Detail'!E22)<ABS(INDEX('Picks Detail'!F22:Q22,1,D10)-'Picks Detail'!E22),"W",IF(ABS(INDEX('Picks Detail'!F22:Q22,1,A10)-'Picks Detail'!E22)>ABS(INDEX('Picks Detail'!F22:Q22,1,D10)-'Picks Detail'!E22),"L","T")),"T")))) -> W | G10: =IF(F10="W",6,IF(F10="T",3,0)) -> 6 | H10: =IF(C10="",0,C10) -> 10 | I10: =G10+H10 -> 16
A11: 6 | B11: =Roster!B8 -> Alan Loeser | C11: =SUMPRODUCT(('Picks Detail'!K6:K21<>"")*('Picks Detail'!E6:E21<>"")*('Picks Detail'!K6:K21='Picks Detail'!E6:E21)) -> 7 | D11: 2 | E11: =IFERROR(INDEX(C$6:C$17,MATCH(2,A$6:A$17,0)),0) -> 7 | F11: =IF(C11=0,"-",IF(C11>E11,"W",IF(C11<E11,"L",IF(AND('Picks Detail'!E22<>"",INDEX('Picks Detail'!F22:Q22,1,A11)<>"",INDEX('Picks Detail'!F22:Q22,1,D11)<>""),IF(ABS(INDEX('Picks Detail'!F22:Q22,1,A11)-'Picks Detail'!E22)<ABS(INDEX('Picks Detail'!F22:Q22,1,D11)-'Picks Detail'!E22),"W",IF(ABS(INDEX('Picks Detail'!F22:Q22,1,A11)-'Picks Detail'!E22)>ABS(INDEX('Picks Detail'!F22:Q22,1,D11)-'Picks Detail'!E22),"L","T")),"T")))) -> W | G11: =IF(F11="W",6,IF(F11="T",3,0)) -> 6 | H11: =IF(C11="",0,C11) -> 7 | I11: =G11+H11 -> 13
A12: 7 | B12: =Roster!B9 -> Caleb Simmons | C12: =SUMPRODUCT(('Picks Detail'!L6:L21<>"")*('Picks Detail'!E6:E21<>"")*('Picks Detail'!L6:L21='Picks Detail'!E6:E21)) -> 7 | D12: 11 | E12: =IFERROR(INDEX(C$6:C$17,MATCH(11,A$6:A$17,0)),0) -> 10 | F12: =IF(C12=0,"-",IF(C12>E12,"W",IF(C12<E12,"L",IF(AND('Picks Detail'!E22<>"",INDEX('Picks Detail'!F22:Q22,1,A12)<>"",INDEX('Picks Detail'!F22:Q22,1,D12)<>""),IF(ABS(INDEX('Picks Detail'!F22:Q22,1,A12)-'Picks Detail'!E22)<ABS(INDEX('Picks Detail'!F22:Q22,1,D12)-'Picks Detail'!E22),"W",IF(ABS(INDEX('Picks Detail'!F22:Q22,1,A12)-'Picks Detail'!E22)>ABS(INDEX('Picks Detail'!F22:Q22,1,D12)-'Picks Detail'!E22),"L","T")),"T")))) -> L | G12: =IF(F12="W",6,IF(F12="T",3,0)) -> 0 | H12: =IF(C12="",0,C12) -> 7 | I12: =G12+H12 -> 7
A13: 8 | B13: =Roster!B10 -> Larry Loeser | C13: =SUMPRODUCT(('Picks Detail'!M6:M21<>"")*('Picks Detail'!E6:E21<>"")*('Picks Detail'!M6:M21='Picks Detail'!E6:E21)) -> 8 | D13: 12 | E13: =IFERROR(INDEX(C$6:C$17,MATCH(12,A$6:A$17,0)),0) -> 9 | F13: =IF(C13=0,"-",IF(C13>E13,"W",IF(C13<E13,"L",IF(AND('Picks Detail'!E22<>"",INDEX('Picks Detail'!F22:Q22,1,A13)<>"",INDEX('Picks Detail'!F22:Q22,1,D13)<>""),IF(ABS(INDEX('Picks Detail'!F22:Q22,1,A13)-'Picks Detail'!E22)<ABS(INDEX('Picks Detail'!F22:Q22,1,D13)-'Picks Detail'!E22),"W",IF(ABS(INDEX('Picks Detail'!F22:Q22,1,A13)-'Picks Detail'!E22)>ABS(INDEX('Picks Detail'!F22:Q22,1,D13)-'Picks Detail'!E22),"L","T")),"T")))) -> L | G13: =IF(F13="W",6,IF(F13="T",3,0)) -> 0 | H13: =IF(C13="",0,C13) -> 8 | I13: =G13+H13 -> 8
A14: 9 | B14: =Roster!B11 -> Daddy Michael | C14: =SUMPRODUCT(('Picks Detail'!N6:N21<>"")*('Picks Detail'!E6:E21<>"")*('Picks Detail'!N6:N21='Picks Detail'!E6:E21)) -> 8 | D14: 3 | E14: =IFERROR(INDEX(C$6:C$17,MATCH(3,A$6:A$17,0)),0) -> 8 | F14: =IF(C14=0,"-",IF(C14>E14,"W",IF(C14<E14,"L",IF(AND('Picks Detail'!E22<>"",INDEX('Picks Detail'!F22:Q22,1,A14)<>"",INDEX('Picks Detail'!F22:Q22,1,D14)<>""),IF(ABS(INDEX('Picks Detail'!F22:Q22,1,A14)-'Picks Detail'!E22)<ABS(INDEX('Picks Detail'!F22:Q22,1,D14)-'Picks Detail'!E22),"W",IF(ABS(INDEX('Picks Detail'!F22:Q22,1,A14)-'Picks Detail'!E22)>ABS(INDEX('Picks Detail'!F22:Q22,1,D14)-'Picks Detail'!E22),"L","T")),"T")))) -> L | G14: =IF(F14="W",6,IF(F14="T",3,0)) -> 0 | H14: =IF(C14="",0,C14) -> 8 | I14: =G14+H14 -> 8
A15: 10 | B15: =Roster!B12 -> Zach Zarra | C15: =SUMPRODUCT(('Picks Detail'!O6:O21<>"")*('Picks Detail'!E6:E21<>"")*('Picks Detail'!O6:O21='Picks Detail'!E6:E21)) -> 11 | D15: 4 | E15: =IFERROR(INDEX(C$6:C$17,MATCH(4,A$6:A$17,0)),0) -> 6 | F15: =IF(C15=0,"-",IF(C15>E15,"W",IF(C15<E15,"L",IF(AND('Picks Detail'!E22<>"",INDEX('Picks Detail'!F22:Q22,1,A15)<>"",INDEX('Picks Detail'!F22:Q22,1,D15)<>""),IF(ABS(INDEX('Picks Detail'!F22:Q22,1,A15)-'Picks Detail'!E22)<ABS(INDEX('Picks Detail'!F22:Q22,1,D15)-'Picks Detail'!E22),"W",IF(ABS(INDEX('Picks Detail'!F22:Q22,1,A15)-'Picks Detail'!E22)>ABS(INDEX('Picks Detail'!F22:Q22,1,D15)-'Picks Detail'!E22),"L","T")),"T")))) -> W | G15: =IF(F15="W",6,IF(F15="T",3,0)) -> 6 | H15: =IF(C15="",0,C15) -> 11 | I15: =G15+H15 -> 17
A16: 11 | B16: =Roster!B13 -> Jeffrey Loeser | C16: =SUMPRODUCT(('Picks Detail'!P6:P21<>"")*('Picks Detail'!E6:E21<>"")*('Picks Detail'!P6:P21='Picks Detail'!E6:E21)) -> 10 | D16: 7 | E16: =IFERROR(INDEX(C$6:C$17,MATCH(7,A$6:A$17,0)),0) -> 7 | F16: =IF(C16=0,"-",IF(C16>E16,"W",IF(C16<E16,"L",IF(AND('Picks Detail'!E22<>"",INDEX('Picks Detail'!F22:Q22,1,A16)<>"",INDEX('Picks Detail'!F22:Q22,1,D16)<>""),IF(ABS(INDEX('Picks Detail'!F22:Q22,1,A16)-'Picks Detail'!E22)<ABS(INDEX('Picks Detail'!F22:Q22,1,D16)-'Picks Detail'!E22),"W",IF(ABS(INDEX('Picks Detail'!F22:Q22,1,A16)-'Picks Detail'!E22)>ABS(INDEX('Picks Detail'!F22:Q22,1,D16)-'Picks Detail'!E22),"L","T")),"T")))) -> W | G16: =IF(F16="W",6,IF(F16="T",3,0)) -> 6 | H16: =IF(C16="",0,C16) -> 10 | I16: =G16+H16 -> 16
A17: 12 | B17: =Roster!B14 -> Jake Andrews | C17: =SUMPRODUCT(('Picks Detail'!Q6:Q21<>"")*('Picks Detail'!E6:E21<>"")*('Picks Detail'!Q6:Q21='Picks Detail'!E6:E21)) -> 9 | D17: 8 | E17: =IFERROR(INDEX(C$6:C$17,MATCH(8,A$6:A$17,0)),0) -> 8 | F17: =IF(C17=0,"-",IF(C17>E17,"W",IF(C17<E17,"L",IF(AND('Picks Detail'!E22<>"",INDEX('Picks Detail'!F22:Q22,1,A17)<>"",INDEX('Picks Detail'!F22:Q22,1,D17)<>""),IF(ABS(INDEX('Picks Detail'!F22:Q22,1,A17)-'Picks Detail'!E22)<ABS(INDEX('Picks Detail'!F22:Q22,1,D17)-'Picks Detail'!E22),"W",IF(ABS(INDEX('Picks Detail'!F22:Q22,1,A17)-'Picks Detail'!E22)>ABS(INDEX('Picks Detail'!F22:Q22,1,D17)-'Picks Detail'!E22),"L","T")),"T")))) -> W | G17: =IF(F17="W",6,IF(F17="T",3,0)) -> 6 | H17: =IF(C17="",0,C17) -> 9 | I17: =G17+H17 -> 15
A19: WEEK 2
A20: Player # | B20: Player Name | C20: Correct Picks | D20: H2H Opp | E20: Opp Picks | F20: H2H Result | G20: H2H Pts | H20: Pick Pts | I20: Week Total
A21: 1 | B21: =Roster!B3 -> Evan Loeser | C21: =SUMPRODUCT(('Picks Detail'!F25:F40<>"")*('Picks Detail'!E25:E40<>"")*('Picks Detail'!F25:F40='Picks Detail'!E25:E40)) -> 8 | D21: 6 | E21: =IFERROR(INDEX(C$21:C$32,MATCH(6,A$21:A$32,0)),0) -> 7 | F21: =IF(C21=0,"-",IF(C21>E21,"W",IF(C21<E21,"L",IF(AND('Picks Detail'!E41<>"",INDEX('Picks Detail'!F41:Q41,1,A21)<>"",INDEX('Picks Detail'!F41:Q41,1,D21)<>""),IF(ABS(INDEX('Picks Detail'!F41:Q41,1,A21)-'Picks Detail'!E41)<ABS(INDEX('Picks Detail'!F41:Q41,1,D21)-'Picks Detail'!E41),"W",IF(ABS(INDEX('Picks Detail'!F41:Q41,1,A21)-'Picks Detail'!E41)>ABS(INDEX('Picks Detail'!F41:Q41,1,D21)-'Picks Detail'!E41),"L","T")),"T")))) -> W | G21: =IF(F21="W",6,IF(F21="T",3,0)) -> 6 | H21: =IF(C21="",0,C21) -> 8 | I21: =G21+H21 -> 14
A22: 2 | B22: =Roster!B4 -> Chris Simmons | C22: =SUMPRODUCT(('Picks Detail'!G25:G40<>"")*('Picks Detail'!E25:E40<>"")*('Picks Detail'!G25:G40='Picks Detail'!E25:E40)) -> 8 | D22: 5 | E22: =IFERROR(INDEX(C$21:C$32,MATCH(5,A$21:A$32,0)),0) -> 6 | F22: =IF(C22=0,"-",IF(C22>E22,"W",IF(C22<E22,"L",IF(AND('Picks Detail'!E41<>"",INDEX('Picks Detail'!F41:Q41,1,A22)<>"",INDEX('Picks Detail'!F41:Q41,1,D22)<>""),IF(ABS(INDEX('Picks Detail'!F41:Q41,1,A22)-'Picks Detail'!E41)<ABS(INDEX('Picks Detail'!F41:Q41,1,D22)-'Picks Detail'!E41),"W",IF(ABS(INDEX('Picks Detail'!F41:Q41,1,A22)-'Picks Detail'!E41)>ABS(INDEX('Picks Detail'!F41:Q41,1,D22)-'Picks Detail'!E41),"L","T")),"T")))) -> W | G22: =IF(F22="W",6,IF(F22="T",3,0)) -> 6 | H22: =IF(C22="",0,C22) -> 8 | I22: =G22+H22 -> 14
A23: 3 | B23: =Roster!B5 -> Jack Smith | C23: =SUMPRODUCT(('Picks Detail'!H25:H40<>"")*('Picks Detail'!E25:E40<>"")*('Picks Detail'!H25:H40='Picks Detail'!E25:E40)) -> 6 | D23: 10 | E23: =IFERROR(INDEX(C$21:C$32,MATCH(10,A$21:A$32,0)),0) -> 8 | F23: =IF(C23=0,"-",IF(C23>E23,"W",IF(C23<E23,"L",IF(AND('Picks Detail'!E41<>"",INDEX('Picks Detail'!F41:Q41,1,A23)<>"",INDEX('Picks Detail'!F41:Q41,1,D23)<>""),IF(ABS(INDEX('Picks Detail'!F41:Q41,1,A23)-'Picks Detail'!E41)<ABS(INDEX('Picks Detail'!F41:Q41,1,D23)-'Picks Detail'!E41),"W",IF(ABS(INDEX('Picks Detail'!F41:Q41,1,A23)-'Picks Detail'!E41)>ABS(INDEX('Picks Detail'!F41:Q41,1,D23)-'Picks Detail'!E41),"L","T")),"T")))) -> L | G23: =IF(F23="W",6,IF(F23="T",3,0)) -> 0 | H23: =IF(C23="",0,C23) -> 6 | I23: =G23+H23 -> 6
A24: 4 | B24: =Roster!B6 -> Luke Ussery | C24: =SUMPRODUCT(('Picks Detail'!I25:I40<>"")*('Picks Detail'!E25:E40<>"")*('Picks Detail'!I25:I40='Picks Detail'!E25:E40)) -> 8 | D24: 9 | E24: =IFERROR(INDEX(C$21:C$32,MATCH(9,A$21:A$32,0)),0) -> 7 | F24: =IF(C24=0,"-",IF(C24>E24,"W",IF(C24<E24,"L",IF(AND('Picks Detail'!E41<>"",INDEX('Picks Detail'!F41:Q41,1,A24)<>"",INDEX('Picks Detail'!F41:Q41,1,D24)<>""),IF(ABS(INDEX('Picks Detail'!F41:Q41,1,A24)-'Picks Detail'!E41)<ABS(INDEX('Picks Detail'!F41:Q41,1,D24)-'Picks Detail'!E41),"W",IF(ABS(INDEX('Picks Detail'!F41:Q41,1,A24)-'Picks Detail'!E41)>ABS(INDEX('Picks Detail'!F41:Q41,1,D24)-'Picks Detail'!E41),"L","T")),"T")))) -> W | G24: =IF(F24="W",6,IF(F24="T",3,0)) -> 6 | H24: =IF(C24="",0,C24) -> 8 | I24: =G24+H24 -> 14
A25: 5 | B25: =Roster!B7 -> Mikayla Simmons | C25: =SUMPRODUCT(('Picks Detail'!J25:J40<>"")*('Picks Detail'!E25:E40<>"")*('Picks Detail'!J25:J40='Picks Detail'!E25:E40)) -> 6 | D25: 2 | E25: =IFERROR(INDEX(C$21:C$32,MATCH(2,A$21:A$32,0)),0) -> 8 | F25: =IF(C25=0,"-",IF(C25>E25,"W",IF(C25<E25,"L",IF(AND('Picks Detail'!E41<>"",INDEX('Picks Detail'!F41:Q41,1,A25)<>"",INDEX('Picks Detail'!F41:Q41,1,D25)<>""),IF(ABS(INDEX('Picks Detail'!F41:Q41,1,A25)-'Picks Detail'!E41)<ABS(INDEX('Picks Detail'!F41:Q41,1,D25)-'Picks Detail'!E41),"W",IF(ABS(INDEX('Picks Detail'!F41:Q41,1,A25)-'Picks Detail'!E41)>ABS(INDEX('Picks Detail'!F41:Q41,1,D25)-'Picks Detail'!E41),"L","T")),"T")))) -> L | G25: =IF(F25="W",6,IF(F25="T",3,0)) -> 0 | H25: =IF(C25="",0,C25) -> 6 | I25: =G25+H25 -> 6
A26: 6 | B26: =Roster!B8 -> Alan Loeser | C26: =SUMPRODUCT(('Picks Detail'!K25:K40<>"")*('Picks Detail'!E25:E40<>"")*('Picks Detail'!K25:K40='Picks Detail'!E25:E40)) -> 7 | D26: 1 | E26: =IFERROR(INDEX(C$21:C$32,MATCH(1,A$21:A$32,0)),0) -> 8 | F26: =IF(C26=0,"-",IF(C26>E26,"W",IF(C26<E26,"L",IF(AND('Picks Detail'!E41<>"",INDEX('Picks Detail'!F41:Q41,1,A26)<>"",INDEX('Picks Detail'!F41:Q41,1,D26)<>""),IF(ABS(INDEX('Picks Detail'!F41:Q41,1,A26)-'Picks Detail'!E41)<ABS(INDEX('Picks Detail'!F41:Q41,1,D26)-'Picks Detail'!E41),"W",IF(ABS(INDEX('Picks Detail'!F41:Q41,1,A26)-'Picks Detail'!E41)>ABS(INDEX('Picks Detail'!F41:Q41,1,D26)-'Picks Detail'!E41),"L","T")),"T")))) -> L | G26: =IF(F26="W",6,IF(F26="T",3,0)) -> 0 | H26: =IF(C26="",0,C26) -> 7 | I26: =G26+H26 -> 7
A27: 7 | B27: =Roster!B9 -> Caleb Simmons | C27: =SUMPRODUCT(('Picks Detail'!L25:L40<>"")*('Picks Detail'!E25:E40<>"")*('Picks Detail'!L25:L40='Picks Detail'!E25:E40)) -> 6 | D27: 12 | E27: =IFERROR(INDEX(C$21:C$32,MATCH(12,A$21:A$32,0)),0) -> 4 | F27: =IF(C27=0,"-",IF(C27>E27,"W",IF(C27<E27,"L",IF(AND('Picks Detail'!E41<>"",INDEX('Picks Detail'!F41:Q41,1,A27)<>"",INDEX('Picks Detail'!F41:Q41,1,D27)<>""),IF(ABS(INDEX('Picks Detail'!F41:Q41,1,A27)-'Picks Detail'!E41)<ABS(INDEX('Picks Detail'!F41:Q41,1,D27)-'Picks Detail'!E41),"W",IF(ABS(INDEX('Picks Detail'!F41:Q41,1,A27)-'Picks Detail'!E41)>ABS(INDEX('Picks Detail'!F41:Q41,1,D27)-'Picks Detail'!E41),"L","T")),"T")))) -> W | G27: =IF(F27="W",6,IF(F27="T",3,0)) -> 6 | H27: =IF(C27="",0,C27) -> 6 | I27: =G27+H27 -> 12
A28: 8 | B28: =Roster!B10 -> Larry Loeser | C28: =SUMPRODUCT(('Picks Detail'!M25:M40<>"")*('Picks Detail'!E25:E40<>"")*('Picks Detail'!M25:M40='Picks Detail'!E25:E40)) -> 4 | D28: 11 | E28: =IFERROR(INDEX(C$21:C$32,MATCH(11,A$21:A$32,0)),0) -> 6 | F28: =IF(C28=0,"-",IF(C28>E28,"W",IF(C28<E28,"L",IF(AND('Picks Detail'!E41<>"",INDEX('Picks Detail'!F41:Q41,1,A28)<>"",INDEX('Picks Detail'!F41:Q41,1,D28)<>""),IF(ABS(INDEX('Picks Detail'!F41:Q41,1,A28)-'Picks Detail'!E41)<ABS(INDEX('Picks Detail'!F41:Q41,1,D28)-'Picks Detail'!E41),"W",IF(ABS(INDEX('Picks Detail'!F41:Q41,1,A28)-'Picks Detail'!E41)>ABS(INDEX('Picks Detail'!F41:Q41,1,D28)-'Picks Detail'!E41),"L","T")),"T")))) -> L | G28: =IF(F28="W",6,IF(F28="T",3,0)) -> 0 | H28: =IF(C28="",0,C28) -> 4 | I28: =G28+H28 -> 4
A29: 9 | B29: =Roster!B11 -> Daddy Michael | C29: =SUMPRODUCT(('Picks Detail'!N25:N40<>"")*('Picks Detail'!E25:E40<>"")*('Picks Detail'!N25:N40='Picks Detail'!E25:E40)) -> 7 | D29: 4 | E29: =IFERROR(INDEX(C$21:C$32,MATCH(4,A$21:A$32,0)),0) -> 8 | F29: =IF(C29=0,"-",IF(C29>E29,"W",IF(C29<E29,"L",IF(AND('Picks Detail'!E41<>"",INDEX('Picks Detail'!F41:Q41,1,A29)<>"",INDEX('Picks Detail'!F41:Q41,1,D29)<>""),IF(ABS(INDEX('Picks Detail'!F41:Q41,1,A29)-'Picks Detail'!E41)<ABS(INDEX('Picks Detail'!F41:Q41,1,D29)-'Picks Detail'!E41),"W",IF(ABS(INDEX('Picks Detail'!F41:Q41,1,A29)-'Picks Detail'!E41)>ABS(INDEX('Picks Detail'!F41:Q41,1,D29)-'Picks Detail'!E41),"L","T")),"T")))) -> L | G29: =IF(F29="W",6,IF(F29="T",3,0)) -> 0 | H29: =IF(C29="",0,C29) -> 7 | I29: =G29+H29 -> 7
A30: 10 | B30: =Roster!B12 -> Zach Zarra | C30: =SUMPRODUCT(('Picks Detail'!O25:O40<>"")*('Picks Detail'!E25:E40<>"")*('Picks Detail'!O25:O40='Picks Detail'!E25:E40)) -> 8 | D30: 3 | E30: =IFERROR(INDEX(C$21:C$32,MATCH(3,A$21:A$32,0)),0) -> 6 | F30: =IF(C30=0,"-",IF(C30>E30,"W",IF(C30<E30,"L",IF(AND('Picks Detail'!E41<>"",INDEX('Picks Detail'!F41:Q41,1,A30)<>"",INDEX('Picks Detail'!F41:Q41,1,D30)<>""),IF(ABS(INDEX('Picks Detail'!F41:Q41,1,A30)-'Picks Detail'!E41)<ABS(INDEX('Picks Detail'!F41:Q41,1,D30)-'Picks Detail'!E41),"W",IF(ABS(INDEX('Picks Detail'!F41:Q41,1,A30)-'Picks Detail'!E41)>ABS(INDEX('Picks Detail'!F41:Q41,1,D30)-'Picks Detail'!E41),"L","T")),"T")))) -> W | G30: =IF(F30="W",6,IF(F30="T",3,0)) -> 6 | H30: =IF(C30="",0,C30) -> 8 | I30: =G30+H30 -> 14
A31: 11 | B31: =Roster!B13 -> Jeffrey Loeser | C31: =SUMPRODUCT(('Picks Detail'!P25:P40<>"")*('Picks Detail'!E25:E40<>"")*('Picks Detail'!P25:P40='Picks Detail'!E25:E40)) -> 6 | D31: 8 | E31: =IFERROR(INDEX(C$21:C$32,MATCH(8,A$21:A$32,0)),0) -> 4 | F31: =IF(C31=0,"-",IF(C31>E31,"W",IF(C31<E31,"L",IF(AND('Picks Detail'!E41<>"",INDEX('Picks Detail'!F41:Q41,1,A31)<>"",INDEX('Picks Detail'!F41:Q41,1,D31)<>""),IF(ABS(INDEX('Picks Detail'!F41:Q41,1,A31)-'Picks Detail'!E41)<ABS(INDEX('Picks Detail'!F41:Q41,1,D31)-'Picks Detail'!E41),"W",IF(ABS(INDEX('Picks Detail'!F41:Q41,1,A31)-'Picks Detail'!E41)>ABS(INDEX('Picks Detail'!F41:Q41,1,D31)-'Picks Detail'!E41),"L","T")),"T")))) -> W | G31: =IF(F31="W",6,IF(F31="T",3,0)) -> 6 | H31: =IF(C31="",0,C31) -> 6 | I31: =G31+H31 -> 12
A32: 12 | B32: =Roster!B14 -> Jake Andrews | C32: =SUMPRODUCT(('Picks Detail'!Q25:Q40<>"")*('Picks Detail'!E25:E40<>"")*('Picks Detail'!Q25:Q40='Picks Detail'!E25:E40)) -> 4 | D32: 7 | E32: =IFERROR(INDEX(C$21:C$32,MATCH(7,A$21:A$32,0)),0) -> 6 | F32: =IF(C32=0,"-",IF(C32>E32,"W",IF(C32<E32,"L",IF(AND('Picks Detail'!E41<>"",INDEX('Picks Detail'!F41:Q41,1,A32)<>"",INDEX('Picks Detail'!F41:Q41,1,D32)<>""),IF(ABS(INDEX('Picks Detail'!F41:Q41,1,A32)-'Picks Detail'!E41)<ABS(INDEX('Picks Detail'!F41:Q41,1,D32)-'Picks Detail'!E41),"W",IF(ABS(INDEX('Picks Detail'!F41:Q41,1,A32)-'Picks Detail'!E41)>ABS(INDEX('Picks Detail'!F41:Q41,1,D32)-'Picks Detail'!E41),"L","T")),"T")))) -> L | G32: =IF(F32="W",6,IF(F32="T",3,0)) -> 0 | H32: =IF(C32="",0,C32) -> 4 | I32: =G32+H32 -> 4
A34: WEEK 3
A35: Player # | B35: Player Name | C35: Correct Picks | D35: H2H Opp | E35: Opp Picks | F35: H2H Result | G35: H2H Pts | H35: Pick Pts | I35: Week Total
A36: 1 | B36: =Roster!B3 -> Evan Loeser | C36: =SUMPRODUCT(('Picks Detail'!F44:F59<>"")*('Picks Detail'!E44:E59<>"")*('Picks Detail'!F44:F59='Picks Detail'!E44:E59)) -> 12 | D36: 7 | E36: =IFERROR(INDEX(C$36:C$47,MATCH(7,A$36:A$47,0)),0) -> 8 | F36: =IF(C36=0,"-",IF(C36>E36,"W",IF(C36<E36,"L",IF(AND('Picks Detail'!E60<>"",INDEX('Picks Detail'!F60:Q60,1,A36)<>"",INDEX('Picks Detail'!F60:Q60,1,D36)<>""),IF(ABS(INDEX('Picks Detail'!F60:Q60,1,A36)-'Picks Detail'!E60)<ABS(INDEX('Picks Detail'!F60:Q60,1,D36)-'Picks Detail'!E60),"W",IF(ABS(INDEX('Picks Detail'!F60:Q60,1,A36)-'Picks Detail'!E60)>ABS(INDEX('Picks Detail'!F60:Q60,1,D36)-'Picks Detail'!E60),"L","T")),"T")))) -> W | G36: =IF(F36="W",6,IF(F36="T",3,0)) -> 6 | H36: =IF(C36="",0,C36) -> 12 | I36: =G36+H36 -> 18
A37: 2 | B37: =Roster!B4 -> Chris Simmons | C37: =SUMPRODUCT(('Picks Detail'!G44:G59<>"")*('Picks Detail'!E44:E59<>"")*('Picks Detail'!G44:G59='Picks Detail'!E44:E59)) -> 8 | D37: 8 | E37: =IFERROR(INDEX(C$36:C$47,MATCH(8,A$36:A$47,0)),0) -> 7 | F37: =IF(C37=0,"-",IF(C37>E37,"W",IF(C37<E37,"L",IF(AND('Picks Detail'!E60<>"",INDEX('Picks Detail'!F60:Q60,1,A37)<>"",INDEX('Picks Detail'!F60:Q60,1,D37)<>""),IF(ABS(INDEX('Picks Detail'!F60:Q60,1,A37)-'Picks Detail'!E60)<ABS(INDEX('Picks Detail'!F60:Q60,1,D37)-'Picks Detail'!E60),"W",IF(ABS(INDEX('Picks Detail'!F60:Q60,1,A37)-'Picks Detail'!E60)>ABS(INDEX('Picks Detail'!F60:Q60,1,D37)-'Picks Detail'!E60),"L","T")),"T")))) -> W | G37: =IF(F37="W",6,IF(F37="T",3,0)) -> 6 | H37: =IF(C37="",0,C37) -> 8 | I37: =G37+H37 -> 14
A38: 3 | B38: =Roster!B5 -> Jack Smith | C38: =SUMPRODUCT(('Picks Detail'!H44:H59<>"")*('Picks Detail'!E44:E59<>"")*('Picks Detail'!H44:H59='Picks Detail'!E44:E59)) -> 8 | D38: 11 | E38: =IFERROR(INDEX(C$36:C$47,MATCH(11,A$36:A$47,0)),0) -> 8 | F38: =IF(C38=0,"-",IF(C38>E38,"W",IF(C38<E38,"L",IF(AND('Picks Detail'!E60<>"",INDEX('Picks Detail'!F60:Q60,1,A38)<>"",INDEX('Picks Detail'!F60:Q60,1,D38)<>""),IF(ABS(INDEX('Picks Detail'!F60:Q60,1,A38)-'Picks Detail'!E60)<ABS(INDEX('Picks Detail'!F60:Q60,1,D38)-'Picks Detail'!E60),"W",IF(ABS(INDEX('Picks Detail'!F60:Q60,1,A38)-'Picks Detail'!E60)>ABS(INDEX('Picks Detail'!F60:Q60,1,D38)-'Picks Detail'!E60),"L","T")),"T")))) -> W | G38: =IF(F38="W",6,IF(F38="T",3,0)) -> 6 | H38: =IF(C38="",0,C38) -> 8 | I38: =G38+H38 -> 14
A39: 4 | B39: =Roster!B6 -> Luke Ussery | C39: =SUMPRODUCT(('Picks Detail'!I44:I59<>"")*('Picks Detail'!E44:E59<>"")*('Picks Detail'!I44:I59='Picks Detail'!E44:E59)) -> 0 | D39: 12 | E39: =IFERROR(INDEX(C$36:C$47,MATCH(12,A$36:A$47,0)),0) -> 6 | F39: =IF(C39=0,"-",IF(C39>E39,"W",IF(C39<E39,"L",IF(AND('Picks Detail'!E60<>"",INDEX('Picks Detail'!F60:Q60,1,A39)<>"",INDEX('Picks Detail'!F60:Q60,1,D39)<>""),IF(ABS(INDEX('Picks Detail'!F60:Q60,1,A39)-'Picks Detail'!E60)<ABS(INDEX('Picks Detail'!F60:Q60,1,D39)-'Picks Detail'!E60),"W",IF(ABS(INDEX('Picks Detail'!F60:Q60,1,A39)-'Picks Detail'!E60)>ABS(INDEX('Picks Detail'!F60:Q60,1,D39)-'Picks Detail'!E60),"L","T")),"T")))) -> - | G39: =IF(F39="W",6,IF(F39="T",3,0)) -> 0 | H39: =IF(C39="",0,C39) -> 0 | I39: =G39+H39 -> 0
A40: 5 | B40: =Roster!B7 -> Mikayla Simmons | C40: =SUMPRODUCT(('Picks Detail'!J44:J59<>"")*('Picks Detail'!E44:E59<>"")*('Picks Detail'!J44:J59='Picks Detail'!E44:E59)) -> 9 | D40: 9 | E40: =IFERROR(INDEX(C$36:C$47,MATCH(9,A$36:A$47,0)),0) -> 8 | F40: =IF(C40=0,"-",IF(C40>E40,"W",IF(C40<E40,"L",IF(AND('Picks Detail'!E60<>"",INDEX('Picks Detail'!F60:Q60,1,A40)<>"",INDEX('Picks Detail'!F60:Q60,1,D40)<>""),IF(ABS(INDEX('Picks Detail'!F60:Q60,1,A40)-'Picks Detail'!E60)<ABS(INDEX('Picks Detail'!F60:Q60,1,D40)-'Picks Detail'!E60),"W",IF(ABS(INDEX('Picks Detail'!F60:Q60,1,A40)-'Picks Detail'!E60)>ABS(INDEX('Picks Detail'!F60:Q60,1,D40)-'Picks Detail'!E60),"L","T")),"T")))) -> W | G40: =IF(F40="W",6,IF(F40="T",3,0)) -> 6 | H40: =IF(C40="",0,C40) -> 9 | I40: =G40+H40 -> 15
A41: 6 | B41: =Roster!B8 -> Alan Loeser | C41: =SUMPRODUCT(('Picks Detail'!K44:K59<>"")*('Picks Detail'!E44:E59<>"")*('Picks Detail'!K44:K59='Picks Detail'!E44:E59)) -> 7 | D41: 10 | E41: =IFERROR(INDEX(C$36:C$47,MATCH(10,A$36:A$47,0)),0) -> 5 | F41: =IF(C41=0,"-",IF(C41>E41,"W",IF(C41<E41,"L",IF(AND('Picks Detail'!E60<>"",INDEX('Picks Detail'!F60:Q60,1,A41)<>"",INDEX('Picks Detail'!F60:Q60,1,D41)<>""),IF(ABS(INDEX('Picks Detail'!F60:Q60,1,A41)-'Picks Detail'!E60)<ABS(INDEX('Picks Detail'!F60:Q60,1,D41)-'Picks Detail'!E60),"W",IF(ABS(INDEX('Picks Detail'!F60:Q60,1,A41)-'Picks Detail'!E60)>ABS(INDEX('Picks Detail'!F60:Q60,1,D41)-'Picks Detail'!E60),"L","T")),"T")))) -> W | G41: =IF(F41="W",6,IF(F41="T",3,0)) -> 6 | H41: =IF(C41="",0,C41) -> 7 | I41: =G41+H41 -> 13
A42: 7 | B42: =Roster!B9 -> Caleb Simmons | C42: =SUMPRODUCT(('Picks Detail'!L44:L59<>"")*('Picks Detail'!E44:E59<>"")*('Picks Detail'!L44:L59='Picks Detail'!E44:E59)) -> 8 | D42: 1 | E42: =IFERROR(INDEX(C$36:C$47,MATCH(1,A$36:A$47,0)),0) -> 12 | F42: =IF(C42=0,"-",IF(C42>E42,"W",IF(C42<E42,"L",IF(AND('Picks Detail'!E60<>"",INDEX('Picks Detail'!F60:Q60,1,A42)<>"",INDEX('Picks Detail'!F60:Q60,1,D42)<>""),IF(ABS(INDEX('Picks Detail'!F60:Q60,1,A42)-'Picks Detail'!E60)<ABS(INDEX('Picks Detail'!F60:Q60,1,D42)-'Picks Detail'!E60),"W",IF(ABS(INDEX('Picks Detail'!F60:Q60,1,A42)-'Picks Detail'!E60)>ABS(INDEX('Picks Detail'!F60:Q60,1,D42)-'Picks Detail'!E60),"L","T")),"T")))) -> L | G42: =IF(F42="W",6,IF(F42="T",3,0)) -> 0 | H42: =IF(C42="",0,C42) -> 8 | I42: =G42+H42 -> 8
A43: 8 | B43: =Roster!B10 -> Larry Loeser | C43: =SUMPRODUCT(('Picks Detail'!M44:M59<>"")*('Picks Detail'!E44:E59<>"")*('Picks Detail'!M44:M59='Picks Detail'!E44:E59)) -> 7 | D43: 2 | E43: =IFERROR(INDEX(C$36:C$47,MATCH(2,A$36:A$47,0)),0) -> 8 | F43: =IF(C43=0,"-",IF(C43>E43,"W",IF(C43<E43,"L",IF(AND('Picks Detail'!E60<>"",INDEX('Picks Detail'!F60:Q60,1,A43)<>"",INDEX('Picks Detail'!F60:Q60,1,D43)<>""),IF(ABS(INDEX('Picks Detail'!F60:Q60,1,A43)-'Picks Detail'!E60)<ABS(INDEX('Picks Detail'!F60:Q60,1,D43)-'Picks Detail'!E60),"W",IF(ABS(INDEX('Picks Detail'!F60:Q60,1,A43)-'Picks Detail'!E60)>ABS(INDEX('Picks Detail'!F60:Q60,1,D43)-'Picks Detail'!E60),"L","T")),"T")))) -> L | G43: =IF(F43="W",6,IF(F43="T",3,0)) -> 0 | H43: =IF(C43="",0,C43) -> 7 | I43: =G43+H43 -> 7
A44: 9 | B44: =Roster!B11 -> Daddy Michael | C44: =SUMPRODUCT(('Picks Detail'!N44:N59<>"")*('Picks Detail'!E44:E59<>"")*('Picks Detail'!N44:N59='Picks Detail'!E44:E59)) -> 8 | D44: 5 | E44: =IFERROR(INDEX(C$36:C$47,MATCH(5,A$36:A$47,0)),0) -> 9 | F44: =IF(C44=0,"-",IF(C44>E44,"W",IF(C44<E44,"L",IF(AND('Picks Detail'!E60<>"",INDEX('Picks Detail'!F60:Q60,1,A44)<>"",INDEX('Picks Detail'!F60:Q60,1,D44)<>""),IF(ABS(INDEX('Picks Detail'!F60:Q60,1,A44)-'Picks Detail'!E60)<ABS(INDEX('Picks Detail'!F60:Q60,1,D44)-'Picks Detail'!E60),"W",IF(ABS(INDEX('Picks Detail'!F60:Q60,1,A44)-'Picks Detail'!E60)>ABS(INDEX('Picks Detail'!F60:Q60,1,D44)-'Picks Detail'!E60),"L","T")),"T")))) -> L | G44: =IF(F44="W",6,IF(F44="T",3,0)) -> 0 | H44: =IF(C44="",0,C44) -> 8 | I44: =G44+H44 -> 8
A45: 10 | B45: =Roster!B12 -> Zach Zarra | C45: =SUMPRODUCT(('Picks Detail'!O44:O59<>"")*('Picks Detail'!E44:E59<>"")*('Picks Detail'!O44:O59='Picks Detail'!E44:E59)) -> 5 | D45: 6 | E45: =IFERROR(INDEX(C$36:C$47,MATCH(6,A$36:A$47,0)),0) -> 7 | F45: =IF(C45=0,"-",IF(C45>E45,"W",IF(C45<E45,"L",IF(AND('Picks Detail'!E60<>"",INDEX('Picks Detail'!F60:Q60,1,A45)<>"",INDEX('Picks Detail'!F60:Q60,1,D45)<>""),IF(ABS(INDEX('Picks Detail'!F60:Q60,1,A45)-'Picks Detail'!E60)<ABS(INDEX('Picks Detail'!F60:Q60,1,D45)-'Picks Detail'!E60),"W",IF(ABS(INDEX('Picks Detail'!F60:Q60,1,A45)-'Picks Detail'!E60)>ABS(INDEX('Picks Detail'!F60:Q60,1,D45)-'Picks Detail'!E60),"L","T")),"T")))) -> L | G45: =IF(F45="W",6,IF(F45="T",3,0)) -> 0 | H45: =IF(C45="",0,C45) -> 5 | I45: =G45+H45 -> 5
A46: 11 | B46: =Roster!B13 -> Jeffrey Loeser | C46: =SUMPRODUCT(('Picks Detail'!P44:P59<>"")*('Picks Detail'!E44:E59<>"")*('Picks Detail'!P44:P59='Picks Detail'!E44:E59)) -> 8 | D46: 3 | E46: =IFERROR(INDEX(C$36:C$47,MATCH(3,A$36:A$47,0)),0) -> 8 | F46: =IF(C46=0,"-",IF(C46>E46,"W",IF(C46<E46,"L",IF(AND('Picks Detail'!E60<>"",INDEX('Picks Detail'!F60:Q60,1,A46)<>"",INDEX('Picks Detail'!F60:Q60,1,D46)<>""),IF(ABS(INDEX('Picks Detail'!F60:Q60,1,A46)-'Picks Detail'!E60)<ABS(INDEX('Picks Detail'!F60:Q60,1,D46)-'Picks Detail'!E60),"W",IF(ABS(INDEX('Picks Detail'!F60:Q60,1,A46)-'Picks Detail'!E60)>ABS(INDEX('Picks Detail'!F60:Q60,1,D46)-'Picks Detail'!E60),"L","T")),"T")))) -> L | G46: =IF(F46="W",6,IF(F46="T",3,0)) -> 0 | H46: =IF(C46="",0,C46) -> 8 | I46: =G46+H46 -> 8
A47: 12 | B47: =Roster!B14 -> Jake Andrews | C47: =SUMPRODUCT(('Picks Detail'!Q44:Q59<>"")*('Picks Detail'!E44:E59<>"")*('Picks Detail'!Q44:Q59='Picks Detail'!E44:E59)) -> 6 | D47: 4 | E47: =IFERROR(INDEX(C$36:C$47,MATCH(4,A$36:A$47,0)),0) -> 0 | F47: =IF(C47=0,"-",IF(C47>E47,"W",IF(C47<E47,"L",IF(AND('Picks Detail'!E60<>"",INDEX('Picks Detail'!F60:Q60,1,A47)<>"",INDEX('Picks Detail'!F60:Q60,1,D47)<>""),IF(ABS(INDEX('Picks Detail'!F60:Q60,1,A47)-'Picks Detail'!E60)<ABS(INDEX('Picks Detail'!F60:Q60,1,D47)-'Picks Detail'!E60),"W",IF(ABS(INDEX('Picks Detail'!F60:Q60,1,A47)-'Picks Detail'!E60)>ABS(INDEX('Picks Detail'!F60:Q60,1,D47)-'Picks Detail'!E60),"L","T")),"T")))) -> W | G47: =IF(F47="W",6,IF(F47="T",3,0)) -> 6 | H47: =IF(C47="",0,C47) -> 6 | I47: =G47+H47 -> 12
A49: WEEK 4
A50: Player # | B50: Player Name | C50: Correct Picks | D50: H2H Opp | E50: Opp Picks | F50: H2H Result | G50: H2H Pts | H50: Pick Pts | I50: Week Total
A51: 1 | B51: =Roster!B3 -> Evan Loeser | C51: =SUMPRODUCT(('Picks Detail'!F63:F78<>"")*('Picks Detail'!E63:E78<>"")*('Picks Detail'!F63:F78='Picks Detail'!E63:E78)) -> 8 | D51: 8 | E51: =IFERROR(INDEX(C$51:C$62,MATCH(8,A$51:A$62,0)),0) -> 8 | F51: =IF(C51=0,"-",IF(C51>E51,"W",IF(C51<E51,"L",IF(AND('Picks Detail'!E79<>"",INDEX('Picks Detail'!F79:Q79,1,A51)<>"",INDEX('Picks Detail'!F79:Q79,1,D51)<>""),IF(ABS(INDEX('Picks Detail'!F79:Q79,1,A51)-'Picks Detail'!E79)<ABS(INDEX('Picks Detail'!F79:Q79,1,D51)-'Picks Detail'!E79),"W",IF(ABS(INDEX('Picks Detail'!F79:Q79,1,A51)-'Picks Detail'!E79)>ABS(INDEX('Picks Detail'!F79:Q79,1,D51)-'Picks Detail'!E79),"L","T")),"T")))) -> T | G51: =IF(F51="W",6,IF(F51="T",3,0)) -> 3 | H51: =IF(C51="",0,C51) -> 8 | I51: =G51+H51 -> 11
A52: 2 | B52: =Roster!B4 -> Chris Simmons | C52: =SUMPRODUCT(('Picks Detail'!G63:G78<>"")*('Picks Detail'!E63:E78<>"")*('Picks Detail'!G63:G78='Picks Detail'!E63:E78)) -> 7 | D52: 7 | E52: =IFERROR(INDEX(C$51:C$62,MATCH(7,A$51:A$62,0)),0) -> 6 | F52: =IF(C52=0,"-",IF(C52>E52,"W",IF(C52<E52,"L",IF(AND('Picks Detail'!E79<>"",INDEX('Picks Detail'!F79:Q79,1,A52)<>"",INDEX('Picks Detail'!F79:Q79,1,D52)<>""),IF(ABS(INDEX('Picks Detail'!F79:Q79,1,A52)-'Picks Detail'!E79)<ABS(INDEX('Picks Detail'!F79:Q79,1,D52)-'Picks Detail'!E79),"W",IF(ABS(INDEX('Picks Detail'!F79:Q79,1,A52)-'Picks Detail'!E79)>ABS(INDEX('Picks Detail'!F79:Q79,1,D52)-'Picks Detail'!E79),"L","T")),"T")))) -> W | G52: =IF(F52="W",6,IF(F52="T",3,0)) -> 6 | H52: =IF(C52="",0,C52) -> 7 | I52: =G52+H52 -> 13
A53: 3 | B53: =Roster!B5 -> Jack Smith | C53: =SUMPRODUCT(('Picks Detail'!H63:H78<>"")*('Picks Detail'!E63:E78<>"")*('Picks Detail'!H63:H78='Picks Detail'!E63:E78)) -> 9 | D53: 12 | E53: =IFERROR(INDEX(C$51:C$62,MATCH(12,A$51:A$62,0)),0) -> 7 | F53: =IF(C53=0,"-",IF(C53>E53,"W",IF(C53<E53,"L",IF(AND('Picks Detail'!E79<>"",INDEX('Picks Detail'!F79:Q79,1,A53)<>"",INDEX('Picks Detail'!F79:Q79,1,D53)<>""),IF(ABS(INDEX('Picks Detail'!F79:Q79,1,A53)-'Picks Detail'!E79)<ABS(INDEX('Picks Detail'!F79:Q79,1,D53)-'Picks Detail'!E79),"W",IF(ABS(INDEX('Picks Detail'!F79:Q79,1,A53)-'Picks Detail'!E79)>ABS(INDEX('Picks Detail'!F79:Q79,1,D53)-'Picks Detail'!E79),"L","T")),"T")))) -> W | G53: =IF(F53="W",6,IF(F53="T",3,0)) -> 6 | H53: =IF(C53="",0,C53) -> 9 | I53: =G53+H53 -> 15
A54: 4 | B54: =Roster!B6 -> Luke Ussery | C54: =SUMPRODUCT(('Picks Detail'!I63:I78<>"")*('Picks Detail'!E63:E78<>"")*('Picks Detail'!I63:I78='Picks Detail'!E63:E78)) -> 12 | D54: 11 | E54: =IFERROR(INDEX(C$51:C$62,MATCH(11,A$51:A$62,0)),0) -> 7 | F54: =IF(C54=0,"-",IF(C54>E54,"W",IF(C54<E54,"L",IF(AND('Picks Detail'!E79<>"",INDEX('Picks Detail'!F79:Q79,1,A54)<>"",INDEX('Picks Detail'!F79:Q79,1,D54)<>""),IF(ABS(INDEX('Picks Detail'!F79:Q79,1,A54)-'Picks Detail'!E79)<ABS(INDEX('Picks Detail'!F79:Q79,1,D54)-'Picks Detail'!E79),"W",IF(ABS(INDEX('Picks Detail'!F79:Q79,1,A54)-'Picks Detail'!E79)>ABS(INDEX('Picks Detail'!F79:Q79,1,D54)-'Picks Detail'!E79),"L","T")),"T")))) -> W | G54: =IF(F54="W",6,IF(F54="T",3,0)) -> 6 | H54: =IF(C54="",0,C54) -> 12 | I54: =G54+H54 -> 18
A55: 5 | B55: =Roster!B7 -> Mikayla Simmons | C55: =SUMPRODUCT(('Picks Detail'!J63:J78<>"")*('Picks Detail'!E63:E78<>"")*('Picks Detail'!J63:J78='Picks Detail'!E63:E78)) -> 6 | D55: 10 | E55: =IFERROR(INDEX(C$51:C$62,MATCH(10,A$51:A$62,0)),0) -> 7 | F55: =IF(C55=0,"-",IF(C55>E55,"W",IF(C55<E55,"L",IF(AND('Picks Detail'!E79<>"",INDEX('Picks Detail'!F79:Q79,1,A55)<>"",INDEX('Picks Detail'!F79:Q79,1,D55)<>""),IF(ABS(INDEX('Picks Detail'!F79:Q79,1,A55)-'Picks Detail'!E79)<ABS(INDEX('Picks Detail'!F79:Q79,1,D55)-'Picks Detail'!E79),"W",IF(ABS(INDEX('Picks Detail'!F79:Q79,1,A55)-'Picks Detail'!E79)>ABS(INDEX('Picks Detail'!F79:Q79,1,D55)-'Picks Detail'!E79),"L","T")),"T")))) -> L | G55: =IF(F55="W",6,IF(F55="T",3,0)) -> 0 | H55: =IF(C55="",0,C55) -> 6 | I55: =G55+H55 -> 6
A56: 6 | B56: =Roster!B8 -> Alan Loeser | C56: =SUMPRODUCT(('Picks Detail'!K63:K78<>"")*('Picks Detail'!E63:E78<>"")*('Picks Detail'!K63:K78='Picks Detail'!E63:E78)) -> 7 | D56: 9 | E56: =IFERROR(INDEX(C$51:C$62,MATCH(9,A$51:A$62,0)),0) -> 8 | F56: =IF(C56=0,"-",IF(C56>E56,"W",IF(C56<E56,"L",IF(AND('Picks Detail'!E79<>"",INDEX('Picks Detail'!F79:Q79,1,A56)<>"",INDEX('Picks Detail'!F79:Q79,1,D56)<>""),IF(ABS(INDEX('Picks Detail'!F79:Q79,1,A56)-'Picks Detail'!E79)<ABS(INDEX('Picks Detail'!F79:Q79,1,D56)-'Picks Detail'!E79),"W",IF(ABS(INDEX('Picks Detail'!F79:Q79,1,A56)-'Picks Detail'!E79)>ABS(INDEX('Picks Detail'!F79:Q79,1,D56)-'Picks Detail'!E79),"L","T")),"T")))) -> L | G56: =IF(F56="W",6,IF(F56="T",3,0)) -> 0 | H56: =IF(C56="",0,C56) -> 7 | I56: =G56+H56 -> 7
A57: 7 | B57: =Roster!B9 -> Caleb Simmons | C57: =SUMPRODUCT(('Picks Detail'!L63:L78<>"")*('Picks Detail'!E63:E78<>"")*('Picks Detail'!L63:L78='Picks Detail'!E63:E78)) -> 6 | D57: 2 | E57: =IFERROR(INDEX(C$51:C$62,MATCH(2,A$51:A$62,0)),0) -> 7 | F57: =IF(C57=0,"-",IF(C57>E57,"W",IF(C57<E57,"L",IF(AND('Picks Detail'!E79<>"",INDEX('Picks Detail'!F79:Q79,1,A57)<>"",INDEX('Picks Detail'!F79:Q79,1,D57)<>""),IF(ABS(INDEX('Picks Detail'!F79:Q79,1,A57)-'Picks Detail'!E79)<ABS(INDEX('Picks Detail'!F79:Q79,1,D57)-'Picks Detail'!E79),"W",IF(ABS(INDEX('Picks Detail'!F79:Q79,1,A57)-'Picks Detail'!E79)>ABS(INDEX('Picks Detail'!F79:Q79,1,D57)-'Picks Detail'!E79),"L","T")),"T")))) -> L | G57: =IF(F57="W",6,IF(F57="T",3,0)) -> 0 | H57: =IF(C57="",0,C57) -> 6 | I57: =G57+H57 -> 6
A58: 8 | B58: =Roster!B10 -> Larry Loeser | C58: =SUMPRODUCT(('Picks Detail'!M63:M78<>"")*('Picks Detail'!E63:E78<>"")*('Picks Detail'!M63:M78='Picks Detail'!E63:E78)) -> 8 | D58: 1 | E58: =IFERROR(INDEX(C$51:C$62,MATCH(1,A$51:A$62,0)),0) -> 8 | F58: =IF(C58=0,"-",IF(C58>E58,"W",IF(C58<E58,"L",IF(AND('Picks Detail'!E79<>"",INDEX('Picks Detail'!F79:Q79,1,A58)<>"",INDEX('Picks Detail'!F79:Q79,1,D58)<>""),IF(ABS(INDEX('Picks Detail'!F79:Q79,1,A58)-'Picks Detail'!E79)<ABS(INDEX('Picks Detail'!F79:Q79,1,D58)-'Picks Detail'!E79),"W",IF(ABS(INDEX('Picks Detail'!F79:Q79,1,A58)-'Picks Detail'!E79)>ABS(INDEX('Picks Detail'!F79:Q79,1,D58)-'Picks Detail'!E79),"L","T")),"T")))) -> T | G58: =IF(F58="W",6,IF(F58="T",3,0)) -> 3 | H58: =IF(C58="",0,C58) -> 8 | I58: =G58+H58 -> 11
A59: 9 | B59: =Roster!B11 -> Daddy Michael | C59: =SUMPRODUCT(('Picks Detail'!N63:N78<>"")*('Picks Detail'!E63:E78<>"")*('Picks Detail'!N63:N78='Picks Detail'!E63:E78)) -> 8 | D59: 6 | E59: =IFERROR(INDEX(C$51:C$62,MATCH(6,A$51:A$62,0)),0) -> 7 | F59: =IF(C59=0,"-",IF(C59>E59,"W",IF(C59<E59,"L",IF(AND('Picks Detail'!E79<>"",INDEX('Picks Detail'!F79:Q79,1,A59)<>"",INDEX('Picks Detail'!F79:Q79,1,D59)<>""),IF(ABS(INDEX('Picks Detail'!F79:Q79,1,A59)-'Picks Detail'!E79)<ABS(INDEX('Picks Detail'!F79:Q79,1,D59)-'Picks Detail'!E79),"W",IF(ABS(INDEX('Picks Detail'!F79:Q79,1,A59)-'Picks Detail'!E79)>ABS(INDEX('Picks Detail'!F79:Q79,1,D59)-'Picks Detail'!E79),"L","T")),"T")))) -> W | G59: =IF(F59="W",6,IF(F59="T",3,0)) -> 6 | H59: =IF(C59="",0,C59) -> 8 | I59: =G59+H59 -> 14
A60: 10 | B60: =Roster!B12 -> Zach Zarra | C60: =SUMPRODUCT(('Picks Detail'!O63:O78<>"")*('Picks Detail'!E63:E78<>"")*('Picks Detail'!O63:O78='Picks Detail'!E63:E78)) -> 7 | D60: 5 | E60: =IFERROR(INDEX(C$51:C$62,MATCH(5,A$51:A$62,0)),0) -> 6 | F60: =IF(C60=0,"-",IF(C60>E60,"W",IF(C60<E60,"L",IF(AND('Picks Detail'!E79<>"",INDEX('Picks Detail'!F79:Q79,1,A60)<>"",INDEX('Picks Detail'!F79:Q79,1,D60)<>""),IF(ABS(INDEX('Picks Detail'!F79:Q79,1,A60)-'Picks Detail'!E79)<ABS(INDEX('Picks Detail'!F79:Q79,1,D60)-'Picks Detail'!E79),"W",IF(ABS(INDEX('Picks Detail'!F79:Q79,1,A60)-'Picks Detail'!E79)>ABS(INDEX('Picks Detail'!F79:Q79,1,D60)-'Picks Detail'!E79),"L","T")),"T")))) -> W | G60: =IF(F60="W",6,IF(F60="T",3,0)) -> 6 | H60: =IF(C60="",0,C60) -> 7 | I60: =G60+H60 -> 13
A61: 11 | B61: =Roster!B13 -> Jeffrey Loeser | C61: =SUMPRODUCT(('Picks Detail'!P63:P78<>"")*('Picks Detail'!E63:E78<>"")*('Picks Detail'!P63:P78='Picks Detail'!E63:E78)) -> 7 | D61: 4 | E61: =IFERROR(INDEX(C$51:C$62,MATCH(4,A$51:A$62,0)),0) -> 12 | F61: =IF(C61=0,"-",IF(C61>E61,"W",IF(C61<E61,"L",IF(AND('Picks Detail'!E79<>"",INDEX('Picks Detail'!F79:Q79,1,A61)<>"",INDEX('Picks Detail'!F79:Q79,1,D61)<>""),IF(ABS(INDEX('Picks Detail'!F79:Q79,1,A61)-'Picks Detail'!E79)<ABS(INDEX('Picks Detail'!F79:Q79,1,D61)-'Picks Detail'!E79),"W",IF(ABS(INDEX('Picks Detail'!F79:Q79,1,A61)-'Picks Detail'!E79)>ABS(INDEX('Picks Detail'!F79:Q79,1,D61)-'Picks Detail'!E79),"L","T")),"T")))) -> L | G61: =IF(F61="W",6,IF(F61="T",3,0)) -> 0 | H61: =IF(C61="",0,C61) -> 7 | I61: =G61+H61 -> 7
A62: 12 | B62: =Roster!B14 -> Jake Andrews | C62: =SUMPRODUCT(('Picks Detail'!Q63:Q78<>"")*('Picks Detail'!E63:E78<>"")*('Picks Detail'!Q63:Q78='Picks Detail'!E63:E78)) -> 7 | D62: 3 | E62: =IFERROR(INDEX(C$51:C$62,MATCH(3,A$51:A$62,0)),0) -> 9 | F62: =IF(C62=0,"-",IF(C62>E62,"W",IF(C62<E62,"L",IF(AND('Picks Detail'!E79<>"",INDEX('Picks Detail'!F79:Q79,1,A62)<>"",INDEX('Picks Detail'!F79:Q79,1,D62)<>""),IF(ABS(INDEX('Picks Detail'!F79:Q79,1,A62)-'Picks Detail'!E79)<ABS(INDEX('Picks Detail'!F79:Q79,1,D62)-'Picks Detail'!E79),"W",IF(ABS(INDEX('Picks Detail'!F79:Q79,1,A62)-'Picks Detail'!E79)>ABS(INDEX('Picks Detail'!F79:Q79,1,D62)-'Picks Detail'!E79),"L","T")),"T")))) -> L | G62: =IF(F62="W",6,IF(F62="T",3,0)) -> 0 | H62: =IF(C62="",0,C62) -> 7 | I62: =G62+H62 -> 7
A64: WEEK 5
A65: Player # | B65: Player Name | C65: Correct Picks | D65: H2H Opp | E65: Opp Picks | F65: H2H Result | G65: H2H Pts | H65: Pick Pts | I65: Week Total
A66: 1 | B66: =Roster!B3 -> Evan Loeser | C66: =SUMPRODUCT(('Picks Detail'!F82:F96<>"")*('Picks Detail'!E82:E96<>"")*('Picks Detail'!F82:F96='Picks Detail'!E82:E96)) -> 9 | D66: 11 | E66: =IFERROR(INDEX(C$66:C$77,MATCH(11,A$66:A$77,0)),0) -> 5 | F66: =IF(C66=0,"-",IF(C66>E66,"W",IF(C66<E66,"L",IF(AND('Picks Detail'!E97<>"",INDEX('Picks Detail'!F97:Q97,1,A66)<>"",INDEX('Picks Detail'!F97:Q97,1,D66)<>""),IF(ABS(INDEX('Picks Detail'!F97:Q97,1,A66)-'Picks Detail'!E97)<ABS(INDEX('Picks Detail'!F97:Q97,1,D66)-'Picks Detail'!E97),"W",IF(ABS(INDEX('Picks Detail'!F97:Q97,1,A66)-'Picks Detail'!E97)>ABS(INDEX('Picks Detail'!F97:Q97,1,D66)-'Picks Detail'!E97),"L","T")),"T")))) -> W | G66: =IF(F66="W",6,IF(F66="T",3,0)) -> 6 | H66: =IF(C66="",0,C66) -> 9 | I66: =G66+H66 -> 15
A67: 2 | B67: =Roster!B4 -> Chris Simmons | C67: =SUMPRODUCT(('Picks Detail'!G82:G96<>"")*('Picks Detail'!E82:E96<>"")*('Picks Detail'!G82:G96='Picks Detail'!E82:E96)) -> 9 | D67: 12 | E67: =IFERROR(INDEX(C$66:C$77,MATCH(12,A$66:A$77,0)),0) -> 4 | F67: =IF(C67=0,"-",IF(C67>E67,"W",IF(C67<E67,"L",IF(AND('Picks Detail'!E97<>"",INDEX('Picks Detail'!F97:Q97,1,A67)<>"",INDEX('Picks Detail'!F97:Q97,1,D67)<>""),IF(ABS(INDEX('Picks Detail'!F97:Q97,1,A67)-'Picks Detail'!E97)<ABS(INDEX('Picks Detail'!F97:Q97,1,D67)-'Picks Detail'!E97),"W",IF(ABS(INDEX('Picks Detail'!F97:Q97,1,A67)-'Picks Detail'!E97)>ABS(INDEX('Picks Detail'!F97:Q97,1,D67)-'Picks Detail'!E97),"L","T")),"T")))) -> W | G67: =IF(F67="W",6,IF(F67="T",3,0)) -> 6 | H67: =IF(C67="",0,C67) -> 9 | I67: =G67+H67 -> 15
A68: 3 | B68: =Roster!B5 -> Jack Smith | C68: =SUMPRODUCT(('Picks Detail'!H82:H96<>"")*('Picks Detail'!E82:E96<>"")*('Picks Detail'!H82:H96='Picks Detail'!E82:E96)) -> 5 | D68: 5 | E68: =IFERROR(INDEX(C$66:C$77,MATCH(5,A$66:A$77,0)),0) -> 9 | F68: =IF(C68=0,"-",IF(C68>E68,"W",IF(C68<E68,"L",IF(AND('Picks Detail'!E97<>"",INDEX('Picks Detail'!F97:Q97,1,A68)<>"",INDEX('Picks Detail'!F97:Q97,1,D68)<>""),IF(ABS(INDEX('Picks Detail'!F97:Q97,1,A68)-'Picks Detail'!E97)<ABS(INDEX('Picks Detail'!F97:Q97,1,D68)-'Picks Detail'!E97),"W",IF(ABS(INDEX('Picks Detail'!F97:Q97,1,A68)-'Picks Detail'!E97)>ABS(INDEX('Picks Detail'!F97:Q97,1,D68)-'Picks Detail'!E97),"L","T")),"T")))) -> L | G68: =IF(F68="W",6,IF(F68="T",3,0)) -> 0 | H68: =IF(C68="",0,C68) -> 5 | I68: =G68+H68 -> 5
A69: 4 | B69: =Roster!B6 -> Luke Ussery | C69: =SUMPRODUCT(('Picks Detail'!I82:I96<>"")*('Picks Detail'!E82:E96<>"")*('Picks Detail'!I82:I96='Picks Detail'!E82:E96)) -> 0 | D69: 6 | E69: =IFERROR(INDEX(C$66:C$77,MATCH(6,A$66:A$77,0)),0) -> 10 | F69: =IF(C69=0,"-",IF(C69>E69,"W",IF(C69<E69,"L",IF(AND('Picks Detail'!E97<>"",INDEX('Picks Detail'!F97:Q97,1,A69)<>"",INDEX('Picks Detail'!F97:Q97,1,D69)<>""),IF(ABS(INDEX('Picks Detail'!F97:Q97,1,A69)-'Picks Detail'!E97)<ABS(INDEX('Picks Detail'!F97:Q97,1,D69)-'Picks Detail'!E97),"W",IF(ABS(INDEX('Picks Detail'!F97:Q97,1,A69)-'Picks Detail'!E97)>ABS(INDEX('Picks Detail'!F97:Q97,1,D69)-'Picks Detail'!E97),"L","T")),"T")))) -> - | G69: =IF(F69="W",6,IF(F69="T",3,0)) -> 0 | H69: =IF(C69="",0,C69) -> 0 | I69: =G69+H69 -> 0
A70: 5 | B70: =Roster!B7 -> Mikayla Simmons | C70: =SUMPRODUCT(('Picks Detail'!J82:J96<>"")*('Picks Detail'!E82:E96<>"")*('Picks Detail'!J82:J96='Picks Detail'!E82:E96)) -> 9 | D70: 3 | E70: =IFERROR(INDEX(C$66:C$77,MATCH(3,A$66:A$77,0)),0) -> 5 | F70: =IF(C70=0,"-",IF(C70>E70,"W",IF(C70<E70,"L",IF(AND('Picks Detail'!E97<>"",INDEX('Picks Detail'!F97:Q97,1,A70)<>"",INDEX('Picks Detail'!F97:Q97,1,D70)<>""),IF(ABS(INDEX('Picks Detail'!F97:Q97,1,A70)-'Picks Detail'!E97)<ABS(INDEX('Picks Detail'!F97:Q97,1,D70)-'Picks Detail'!E97),"W",IF(ABS(INDEX('Picks Detail'!F97:Q97,1,A70)-'Picks Detail'!E97)>ABS(INDEX('Picks Detail'!F97:Q97,1,D70)-'Picks Detail'!E97),"L","T")),"T")))) -> W | G70: =IF(F70="W",6,IF(F70="T",3,0)) -> 6 | H70: =IF(C70="",0,C70) -> 9 | I70: =G70+H70 -> 15
A71: 6 | B71: =Roster!B8 -> Alan Loeser | C71: =SUMPRODUCT(('Picks Detail'!K82:K96<>"")*('Picks Detail'!E82:E96<>"")*('Picks Detail'!K82:K96='Picks Detail'!E82:E96)) -> 10 | D71: 4 | E71: =IFERROR(INDEX(C$66:C$77,MATCH(4,A$66:A$77,0)),0) -> 0 | F71: =IF(C71=0,"-",IF(C71>E71,"W",IF(C71<E71,"L",IF(AND('Picks Detail'!E97<>"",INDEX('Picks Detail'!F97:Q97,1,A71)<>"",INDEX('Picks Detail'!F97:Q97,1,D71)<>""),IF(ABS(INDEX('Picks Detail'!F97:Q97,1,A71)-'Picks Detail'!E97)<ABS(INDEX('Picks Detail'!F97:Q97,1,D71)-'Picks Detail'!E97),"W",IF(ABS(INDEX('Picks Detail'!F97:Q97,1,A71)-'Picks Detail'!E97)>ABS(INDEX('Picks Detail'!F97:Q97,1,D71)-'Picks Detail'!E97),"L","T")),"T")))) -> W | G71: =IF(F71="W",6,IF(F71="T",3,0)) -> 6 | H71: =IF(C71="",0,C71) -> 10 | I71: =G71+H71 -> 16
A72: 7 | B72: =Roster!B9 -> Caleb Simmons | C72: =SUMPRODUCT(('Picks Detail'!L82:L96<>"")*('Picks Detail'!E82:E96<>"")*('Picks Detail'!L82:L96='Picks Detail'!E82:E96)) -> 7 | D72: 10 | E72: =IFERROR(INDEX(C$66:C$77,MATCH(10,A$66:A$77,0)),0) -> 7 | F72: =IF(C72=0,"-",IF(C72>E72,"W",IF(C72<E72,"L",IF(AND('Picks Detail'!E97<>"",INDEX('Picks Detail'!F97:Q97,1,A72)<>"",INDEX('Picks Detail'!F97:Q97,1,D72)<>""),IF(ABS(INDEX('Picks Detail'!F97:Q97,1,A72)-'Picks Detail'!E97)<ABS(INDEX('Picks Detail'!F97:Q97,1,D72)-'Picks Detail'!E97),"W",IF(ABS(INDEX('Picks Detail'!F97:Q97,1,A72)-'Picks Detail'!E97)>ABS(INDEX('Picks Detail'!F97:Q97,1,D72)-'Picks Detail'!E97),"L","T")),"T")))) -> W | G72: =IF(F72="W",6,IF(F72="T",3,0)) -> 6 | H72: =IF(C72="",0,C72) -> 7 | I72: =G72+H72 -> 13
A73: 8 | B73: =Roster!B10 -> Larry Loeser | C73: =SUMPRODUCT(('Picks Detail'!M82:M96<>"")*('Picks Detail'!E82:E96<>"")*('Picks Detail'!M82:M96='Picks Detail'!E82:E96)) -> 7 | D73: 9 | E73: =IFERROR(INDEX(C$66:C$77,MATCH(9,A$66:A$77,0)),0) -> 6 | F73: =IF(C73=0,"-",IF(C73>E73,"W",IF(C73<E73,"L",IF(AND('Picks Detail'!E97<>"",INDEX('Picks Detail'!F97:Q97,1,A73)<>"",INDEX('Picks Detail'!F97:Q97,1,D73)<>""),IF(ABS(INDEX('Picks Detail'!F97:Q97,1,A73)-'Picks Detail'!E97)<ABS(INDEX('Picks Detail'!F97:Q97,1,D73)-'Picks Detail'!E97),"W",IF(ABS(INDEX('Picks Detail'!F97:Q97,1,A73)-'Picks Detail'!E97)>ABS(INDEX('Picks Detail'!F97:Q97,1,D73)-'Picks Detail'!E97),"L","T")),"T")))) -> W | G73: =IF(F73="W",6,IF(F73="T",3,0)) -> 6 | H73: =IF(C73="",0,C73) -> 7 | I73: =G73+H73 -> 13
A74: 9 | B74: =Roster!B11 -> Daddy Michael | C74: =SUMPRODUCT(('Picks Detail'!N82:N96<>"")*('Picks Detail'!E82:E96<>"")*('Picks Detail'!N82:N96='Picks Detail'!E82:E96)) -> 6 | D74: 8 | E74: =IFERROR(INDEX(C$66:C$77,MATCH(8,A$66:A$77,0)),0) -> 7 | F74: =IF(C74=0,"-",IF(C74>E74,"W",IF(C74<E74,"L",IF(AND('Picks Detail'!E97<>"",INDEX('Picks Detail'!F97:Q97,1,A74)<>"",INDEX('Picks Detail'!F97:Q97,1,D74)<>""),IF(ABS(INDEX('Picks Detail'!F97:Q97,1,A74)-'Picks Detail'!E97)<ABS(INDEX('Picks Detail'!F97:Q97,1,D74)-'Picks Detail'!E97),"W",IF(ABS(INDEX('Picks Detail'!F97:Q97,1,A74)-'Picks Detail'!E97)>ABS(INDEX('Picks Detail'!F97:Q97,1,D74)-'Picks Detail'!E97),"L","T")),"T")))) -> L | G74: =IF(F74="W",6,IF(F74="T",3,0)) -> 0 | H74: =IF(C74="",0,C74) -> 6 | I74: =G74+H74 -> 6
A75: 10 | B75: =Roster!B12 -> Zach Zarra | C75: =SUMPRODUCT(('Picks Detail'!O82:O96<>"")*('Picks Detail'!E82:E96<>"")*('Picks Detail'!O82:O96='Picks Detail'!E82:E96)) -> 7 | D75: 7 | E75: =IFERROR(INDEX(C$66:C$77,MATCH(7,A$66:A$77,0)),0) -> 7 | F75: =IF(C75=0,"-",IF(C75>E75,"W",IF(C75<E75,"L",IF(AND('Picks Detail'!E97<>"",INDEX('Picks Detail'!F97:Q97,1,A75)<>"",INDEX('Picks Detail'!F97:Q97,1,D75)<>""),IF(ABS(INDEX('Picks Detail'!F97:Q97,1,A75)-'Picks Detail'!E97)<ABS(INDEX('Picks Detail'!F97:Q97,1,D75)-'Picks Detail'!E97),"W",IF(ABS(INDEX('Picks Detail'!F97:Q97,1,A75)-'Picks Detail'!E97)>ABS(INDEX('Picks Detail'!F97:Q97,1,D75)-'Picks Detail'!E97),"L","T")),"T")))) -> L | G75: =IF(F75="W",6,IF(F75="T",3,0)) -> 0 | H75: =IF(C75="",0,C75) -> 7 | I75: =G75+H75 -> 7
A76: 11 | B76: =Roster!B13 -> Jeffrey Loeser | C76: =SUMPRODUCT(('Picks Detail'!P82:P96<>"")*('Picks Detail'!E82:E96<>"")*('Picks Detail'!P82:P96='Picks Detail'!E82:E96)) -> 5 | D76: 1 | E76: =IFERROR(INDEX(C$66:C$77,MATCH(1,A$66:A$77,0)),0) -> 9 | F76: =IF(C76=0,"-",IF(C76>E76,"W",IF(C76<E76,"L",IF(AND('Picks Detail'!E97<>"",INDEX('Picks Detail'!F97:Q97,1,A76)<>"",INDEX('Picks Detail'!F97:Q97,1,D76)<>""),IF(ABS(INDEX('Picks Detail'!F97:Q97,1,A76)-'Picks Detail'!E97)<ABS(INDEX('Picks Detail'!F97:Q97,1,D76)-'Picks Detail'!E97),"W",IF(ABS(INDEX('Picks Detail'!F97:Q97,1,A76)-'Picks Detail'!E97)>ABS(INDEX('Picks Detail'!F97:Q97,1,D76)-'Picks Detail'!E97),"L","T")),"T")))) -> L | G76: =IF(F76="W",6,IF(F76="T",3,0)) -> 0 | H76: =IF(C76="",0,C76) -> 5 | I76: =G76+H76 -> 5
A77: 12 | B77: =Roster!B14 -> Jake Andrews | C77: =SUMPRODUCT(('Picks Detail'!Q82:Q96<>"")*('Picks Detail'!E82:E96<>"")*('Picks Detail'!Q82:Q96='Picks Detail'!E82:E96)) -> 4 | D77: 2 | E77: =IFERROR(INDEX(C$66:C$77,MATCH(2,A$66:A$77,0)),0) -> 9 | F77: =IF(C77=0,"-",IF(C77>E77,"W",IF(C77<E77,"L",IF(AND('Picks Detail'!E97<>"",INDEX('Picks Detail'!F97:Q97,1,A77)<>"",INDEX('Picks Detail'!F97:Q97,1,D77)<>""),IF(ABS(INDEX('Picks Detail'!F97:Q97,1,A77)-'Picks Detail'!E97)<ABS(INDEX('Picks Detail'!F97:Q97,1,D77)-'Picks Detail'!E97),"W",IF(ABS(INDEX('Picks Detail'!F97:Q97,1,A77)-'Picks Detail'!E97)>ABS(INDEX('Picks Detail'!F97:Q97,1,D77)-'Picks Detail'!E97),"L","T")),"T")))) -> L | G77: =IF(F77="W",6,IF(F77="T",3,0)) -> 0 | H77: =IF(C77="",0,C77) -> 4 | I77: =G77+H77 -> 4
A79: WEEK 6
A80: Player # | B80: Player Name | C80: Correct Picks | D80: H2H Opp | E80: Opp Picks | F80: H2H Result | G80: H2H Pts | H80: Pick Pts | I80: Week Total
A81: 1 | B81: =Roster!B3 -> Evan Loeser | C81: =SUMPRODUCT(('Picks Detail'!F100:F113<>"")*('Picks Detail'!E100:E113<>"")*('Picks Detail'!F100:F113='Picks Detail'!E100:E113)) -> 5 | D81: 9 | E81: =IFERROR(INDEX(C$81:C$92,MATCH(9,A$81:A$92,0)),0) -> 7 | F81: =IF(C81=0,"-",IF(C81>E81,"W",IF(C81<E81,"L",IF(AND('Picks Detail'!E114<>"",INDEX('Picks Detail'!F114:Q114,1,A81)<>"",INDEX('Picks Detail'!F114:Q114,1,D81)<>""),IF(ABS(INDEX('Picks Detail'!F114:Q114,1,A81)-'Picks Detail'!E114)<ABS(INDEX('Picks Detail'!F114:Q114,1,D81)-'Picks Detail'!E114),"W",IF(ABS(INDEX('Picks Detail'!F114:Q114,1,A81)-'Picks Detail'!E114)>ABS(INDEX('Picks Detail'!F114:Q114,1,D81)-'Picks Detail'!E114),"L","T")),"T")))) -> L | G81: =IF(F81="W",6,IF(F81="T",3,0)) -> 0 | H81: =IF(C81="",0,C81) -> 5 | I81: =G81+H81 -> 5
A82: 2 | B82: =Roster!B4 -> Chris Simmons | C82: =SUMPRODUCT(('Picks Detail'!G100:G113<>"")*('Picks Detail'!E100:E113<>"")*('Picks Detail'!G100:G113='Picks Detail'!E100:E113)) -> 5 | D82: 10 | E82: =IFERROR(INDEX(C$81:C$92,MATCH(10,A$81:A$92,0)),0) -> 6 | F82: =IF(C82=0,"-",IF(C82>E82,"W",IF(C82<E82,"L",IF(AND('Picks Detail'!E114<>"",INDEX('Picks Detail'!F114:Q114,1,A82)<>"",INDEX('Picks Detail'!F114:Q114,1,D82)<>""),IF(ABS(INDEX('Picks Detail'!F114:Q114,1,A82)-'Picks Detail'!E114)<ABS(INDEX('Picks Detail'!F114:Q114,1,D82)-'Picks Detail'!E114),"W",IF(ABS(INDEX('Picks Detail'!F114:Q114,1,A82)-'Picks Detail'!E114)>ABS(INDEX('Picks Detail'!F114:Q114,1,D82)-'Picks Detail'!E114),"L","T")),"T")))) -> L | G82: =IF(F82="W",6,IF(F82="T",3,0)) -> 0 | H82: =IF(C82="",0,C82) -> 5 | I82: =G82+H82 -> 5
A83: 3 | B83: =Roster!B5 -> Jack Smith | C83: =SUMPRODUCT(('Picks Detail'!H100:H113<>"")*('Picks Detail'!E100:E113<>"")*('Picks Detail'!H100:H113='Picks Detail'!E100:E113)) -> 7 | D83: 7 | E83: =IFERROR(INDEX(C$81:C$92,MATCH(7,A$81:A$92,0)),0) -> 7 | F83: =IF(C83=0,"-",IF(C83>E83,"W",IF(C83<E83,"L",IF(AND('Picks Detail'!E114<>"",INDEX('Picks Detail'!F114:Q114,1,A83)<>"",INDEX('Picks Detail'!F114:Q114,1,D83)<>""),IF(ABS(INDEX('Picks Detail'!F114:Q114,1,A83)-'Picks Detail'!E114)<ABS(INDEX('Picks Detail'!F114:Q114,1,D83)-'Picks Detail'!E114),"W",IF(ABS(INDEX('Picks Detail'!F114:Q114,1,A83)-'Picks Detail'!E114)>ABS(INDEX('Picks Detail'!F114:Q114,1,D83)-'Picks Detail'!E114),"L","T")),"T")))) -> L | G83: =IF(F83="W",6,IF(F83="T",3,0)) -> 0 | H83: =IF(C83="",0,C83) -> 7 | I83: =G83+H83 -> 7
A84: 4 | B84: =Roster!B6 -> Luke Ussery | C84: =SUMPRODUCT(('Picks Detail'!I100:I113<>"")*('Picks Detail'!E100:E113<>"")*('Picks Detail'!I100:I113='Picks Detail'!E100:E113)) -> 0 | D84: 8 | E84: =IFERROR(INDEX(C$81:C$92,MATCH(8,A$81:A$92,0)),0) -> 7 | F84: =IF(C84=0,"-",IF(C84>E84,"W",IF(C84<E84,"L",IF(AND('Picks Detail'!E114<>"",INDEX('Picks Detail'!F114:Q114,1,A84)<>"",INDEX('Picks Detail'!F114:Q114,1,D84)<>""),IF(ABS(INDEX('Picks Detail'!F114:Q114,1,A84)-'Picks Detail'!E114)<ABS(INDEX('Picks Detail'!F114:Q114,1,D84)-'Picks Detail'!E114),"W",IF(ABS(INDEX('Picks Detail'!F114:Q114,1,A84)-'Picks Detail'!E114)>ABS(INDEX('Picks Detail'!F114:Q114,1,D84)-'Picks Detail'!E114),"L","T")),"T")))) -> - | G84: =IF(F84="W",6,IF(F84="T",3,0)) -> 0 | H84: =IF(C84="",0,C84) -> 0 | I84: =G84+H84 -> 0
A85: 5 | B85: =Roster!B7 -> Mikayla Simmons | C85: =SUMPRODUCT(('Picks Detail'!J100:J113<>"")*('Picks Detail'!E100:E113<>"")*('Picks Detail'!J100:J113='Picks Detail'!E100:E113)) -> 7 | D85: 12 | E85: =IFERROR(INDEX(C$81:C$92,MATCH(12,A$81:A$92,0)),0) -> 6 | F85: =IF(C85=0,"-",IF(C85>E85,"W",IF(C85<E85,"L",IF(AND('Picks Detail'!E114<>"",INDEX('Picks Detail'!F114:Q114,1,A85)<>"",INDEX('Picks Detail'!F114:Q114,1,D85)<>""),IF(ABS(INDEX('Picks Detail'!F114:Q114,1,A85)-'Picks Detail'!E114)<ABS(INDEX('Picks Detail'!F114:Q114,1,D85)-'Picks Detail'!E114),"W",IF(ABS(INDEX('Picks Detail'!F114:Q114,1,A85)-'Picks Detail'!E114)>ABS(INDEX('Picks Detail'!F114:Q114,1,D85)-'Picks Detail'!E114),"L","T")),"T")))) -> W | G85: =IF(F85="W",6,IF(F85="T",3,0)) -> 6 | H85: =IF(C85="",0,C85) -> 7 | I85: =G85+H85 -> 13
A86: 6 | B86: =Roster!B8 -> Alan Loeser | C86: =SUMPRODUCT(('Picks Detail'!K100:K113<>"")*('Picks Detail'!E100:E113<>"")*('Picks Detail'!K100:K113='Picks Detail'!E100:E113)) -> 4 | D86: 11 | E86: =IFERROR(INDEX(C$81:C$92,MATCH(11,A$81:A$92,0)),0) -> 6 | F86: =IF(C86=0,"-",IF(C86>E86,"W",IF(C86<E86,"L",IF(AND('Picks Detail'!E114<>"",INDEX('Picks Detail'!F114:Q114,1,A86)<>"",INDEX('Picks Detail'!F114:Q114,1,D86)<>""),IF(ABS(INDEX('Picks Detail'!F114:Q114,1,A86)-'Picks Detail'!E114)<ABS(INDEX('Picks Detail'!F114:Q114,1,D86)-'Picks Detail'!E114),"W",IF(ABS(INDEX('Picks Detail'!F114:Q114,1,A86)-'Picks Detail'!E114)>ABS(INDEX('Picks Detail'!F114:Q114,1,D86)-'Picks Detail'!E114),"L","T")),"T")))) -> L | G86: =IF(F86="W",6,IF(F86="T",3,0)) -> 0 | H86: =IF(C86="",0,C86) -> 4 | I86: =G86+H86 -> 4
A87: 7 | B87: =Roster!B9 -> Caleb Simmons | C87: =SUMPRODUCT(('Picks Detail'!L100:L113<>"")*('Picks Detail'!E100:E113<>"")*('Picks Detail'!L100:L113='Picks Detail'!E100:E113)) -> 7 | D87: 3 | E87: =IFERROR(INDEX(C$81:C$92,MATCH(3,A$81:A$92,0)),0) -> 7 | F87: =IF(C87=0,"-",IF(C87>E87,"W",IF(C87<E87,"L",IF(AND('Picks Detail'!E114<>"",INDEX('Picks Detail'!F114:Q114,1,A87)<>"",INDEX('Picks Detail'!F114:Q114,1,D87)<>""),IF(ABS(INDEX('Picks Detail'!F114:Q114,1,A87)-'Picks Detail'!E114)<ABS(INDEX('Picks Detail'!F114:Q114,1,D87)-'Picks Detail'!E114),"W",IF(ABS(INDEX('Picks Detail'!F114:Q114,1,A87)-'Picks Detail'!E114)>ABS(INDEX('Picks Detail'!F114:Q114,1,D87)-'Picks Detail'!E114),"L","T")),"T")))) -> W | G87: =IF(F87="W",6,IF(F87="T",3,0)) -> 6 | H87: =IF(C87="",0,C87) -> 7 | I87: =G87+H87 -> 13
A88: 8 | B88: =Roster!B10 -> Larry Loeser | C88: =SUMPRODUCT(('Picks Detail'!M100:M113<>"")*('Picks Detail'!E100:E113<>"")*('Picks Detail'!M100:M113='Picks Detail'!E100:E113)) -> 7 | D88: 4 | E88: =IFERROR(INDEX(C$81:C$92,MATCH(4,A$81:A$92,0)),0) -> 0 | F88: =IF(C88=0,"-",IF(C88>E88,"W",IF(C88<E88,"L",IF(AND('Picks Detail'!E114<>"",INDEX('Picks Detail'!F114:Q114,1,A88)<>"",INDEX('Picks Detail'!F114:Q114,1,D88)<>""),IF(ABS(INDEX('Picks Detail'!F114:Q114,1,A88)-'Picks Detail'!E114)<ABS(INDEX('Picks Detail'!F114:Q114,1,D88)-'Picks Detail'!E114),"W",IF(ABS(INDEX('Picks Detail'!F114:Q114,1,A88)-'Picks Detail'!E114)>ABS(INDEX('Picks Detail'!F114:Q114,1,D88)-'Picks Detail'!E114),"L","T")),"T")))) -> W | G88: =IF(F88="W",6,IF(F88="T",3,0)) -> 6 | H88: =IF(C88="",0,C88) -> 7 | I88: =G88+H88 -> 13
A89: 9 | B89: =Roster!B11 -> Daddy Michael | C89: =SUMPRODUCT(('Picks Detail'!N100:N113<>"")*('Picks Detail'!E100:E113<>"")*('Picks Detail'!N100:N113='Picks Detail'!E100:E113)) -> 7 | D89: 1 | E89: =IFERROR(INDEX(C$81:C$92,MATCH(1,A$81:A$92,0)),0) -> 5 | F89: =IF(C89=0,"-",IF(C89>E89,"W",IF(C89<E89,"L",IF(AND('Picks Detail'!E114<>"",INDEX('Picks Detail'!F114:Q114,1,A89)<>"",INDEX('Picks Detail'!F114:Q114,1,D89)<>""),IF(ABS(INDEX('Picks Detail'!F114:Q114,1,A89)-'Picks Detail'!E114)<ABS(INDEX('Picks Detail'!F114:Q114,1,D89)-'Picks Detail'!E114),"W",IF(ABS(INDEX('Picks Detail'!F114:Q114,1,A89)-'Picks Detail'!E114)>ABS(INDEX('Picks Detail'!F114:Q114,1,D89)-'Picks Detail'!E114),"L","T")),"T")))) -> W | G89: =IF(F89="W",6,IF(F89="T",3,0)) -> 6 | H89: =IF(C89="",0,C89) -> 7 | I89: =G89+H89 -> 13
A90: 10 | B90: =Roster!B12 -> Zach Zarra | C90: =SUMPRODUCT(('Picks Detail'!O100:O113<>"")*('Picks Detail'!E100:E113<>"")*('Picks Detail'!O100:O113='Picks Detail'!E100:E113)) -> 6 | D90: 2 | E90: =IFERROR(INDEX(C$81:C$92,MATCH(2,A$81:A$92,0)),0) -> 5 | F90: =IF(C90=0,"-",IF(C90>E90,"W",IF(C90<E90,"L",IF(AND('Picks Detail'!E114<>"",INDEX('Picks Detail'!F114:Q114,1,A90)<>"",INDEX('Picks Detail'!F114:Q114,1,D90)<>""),IF(ABS(INDEX('Picks Detail'!F114:Q114,1,A90)-'Picks Detail'!E114)<ABS(INDEX('Picks Detail'!F114:Q114,1,D90)-'Picks Detail'!E114),"W",IF(ABS(INDEX('Picks Detail'!F114:Q114,1,A90)-'Picks Detail'!E114)>ABS(INDEX('Picks Detail'!F114:Q114,1,D90)-'Picks Detail'!E114),"L","T")),"T")))) -> W | G90: =IF(F90="W",6,IF(F90="T",3,0)) -> 6 | H90: =IF(C90="",0,C90) -> 6 | I90: =G90+H90 -> 12
A91: 11 | B91: =Roster!B13 -> Jeffrey Loeser | C91: =SUMPRODUCT(('Picks Detail'!P100:P113<>"")*('Picks Detail'!E100:E113<>"")*('Picks Detail'!P100:P113='Picks Detail'!E100:E113)) -> 6 | D91: 6 | E91: =IFERROR(INDEX(C$81:C$92,MATCH(6,A$81:A$92,0)),0) -> 4 | F91: =IF(C91=0,"-",IF(C91>E91,"W",IF(C91<E91,"L",IF(AND('Picks Detail'!E114<>"",INDEX('Picks Detail'!F114:Q114,1,A91)<>"",INDEX('Picks Detail'!F114:Q114,1,D91)<>""),IF(ABS(INDEX('Picks Detail'!F114:Q114,1,A91)-'Picks Detail'!E114)<ABS(INDEX('Picks Detail'!F114:Q114,1,D91)-'Picks Detail'!E114),"W",IF(ABS(INDEX('Picks Detail'!F114:Q114,1,A91)-'Picks Detail'!E114)>ABS(INDEX('Picks Detail'!F114:Q114,1,D91)-'Picks Detail'!E114),"L","T")),"T")))) -> W | G91: =IF(F91="W",6,IF(F91="T",3,0)) -> 6 | H91: =IF(C91="",0,C91) -> 6 | I91: =G91+H91 -> 12
A92: 12 | B92: =Roster!B14 -> Jake Andrews | C92: =SUMPRODUCT(('Picks Detail'!Q100:Q113<>"")*('Picks Detail'!E100:E113<>"")*('Picks Detail'!Q100:Q113='Picks Detail'!E100:E113)) -> 6 | D92: 5 | E92: =IFERROR(INDEX(C$81:C$92,MATCH(5,A$81:A$92,0)),0) -> 7 | F92: =IF(C92=0,"-",IF(C92>E92,"W",IF(C92<E92,"L",IF(AND('Picks Detail'!E114<>"",INDEX('Picks Detail'!F114:Q114,1,A92)<>"",INDEX('Picks Detail'!F114:Q114,1,D92)<>""),IF(ABS(INDEX('Picks Detail'!F114:Q114,1,A92)-'Picks Detail'!E114)<ABS(INDEX('Picks Detail'!F114:Q114,1,D92)-'Picks Detail'!E114),"W",IF(ABS(INDEX('Picks Detail'!F114:Q114,1,A92)-'Picks Detail'!E114)>ABS(INDEX('Picks Detail'!F114:Q114,1,D92)-'Picks Detail'!E114),"L","T")),"T")))) -> L | G92: =IF(F92="W",6,IF(F92="T",3,0)) -> 0 | H92: =IF(C92="",0,C92) -> 6 | I92: =G92+H92 -> 6

Sheet Wk 7-12 Input
A1: WEEKS 7-12 — WEEKLY INPUT
A2: Weighted points auto-calculated from Picks Detail (pick × point value). H2H auto-calculated.
A4: WEEK 7
A5: Player # | B5: Player Name | C5: Weighted Pts | D5: H2H Opp | E5: Opp Wtd Pts | F5: H2H Result | G5: H2H Pts | H5: Pick Pts | I5: Week Total
A6: 1 | B6: =Roster!B3 -> Evan Loeser | C6: =SUMPRODUCT(('Picks Detail'!F117:F130<>"")*('Picks Detail'!E117:E130<>"")*('Picks Detail'!F117:F130='Picks Detail'!E117:E130)*('Picks Detail'!S117:S130)) -> 0 | D6: 10 | E6: =IFERROR(INDEX(C$6:C$17,MATCH(10,A$6:A$17,0)),0) -> 0 | F6: =IF(C6=0,"-",IF(C6>E6,"W",IF(C6<E6,"L",IF(AND('Picks Detail'!E131<>"",INDEX('Picks Detail'!F131:Q131,1,A6)<>"",INDEX('Picks Detail'!F131:Q131,1,D6)<>""),IF(ABS(INDEX('Picks Detail'!F131:Q131,1,A6)-'Picks Detail'!E131)<ABS(INDEX('Picks Detail'!F131:Q131,1,D6)-'Picks Detail'!E131),"W",IF(ABS(INDEX('Picks Detail'!F131:Q131,1,A6)-'Picks Detail'!E131)>ABS(INDEX('Picks Detail'!F131:Q131,1,D6)-'Picks Detail'!E131),"L","T")),"T")))) -> - | G6: =IF(F6="W",10,IF(F6="T",5,0)) -> 0 | H6: =IF(C6="",0,C6) -> 0 | I6: =G6+H6 -> 0
A7: 2 | B7: =Roster!B4 -> Chris Simmons | C7: =SUMPRODUCT(('Picks Detail'!G117:G130<>"")*('Picks Detail'!E117:E130<>"")*('Picks Detail'!G117:G130='Picks Detail'!E117:E130)*('Picks Detail'!T117:T130)) -> 0 | D7: 9 | E7: =IFERROR(INDEX(C$6:C$17,MATCH(9,A$6:A$17,0)),0) -> 0 | F7: =IF(C7=0,"-",IF(C7>E7,"W",IF(C7<E7,"L",IF(AND('Picks Detail'!E131<>"",INDEX('Picks Detail'!F131:Q131,1,A7)<>"",INDEX('Picks Detail'!F131:Q131,1,D7)<>""),IF(ABS(INDEX('Picks Detail'!F131:Q131,1,A7)-'Picks Detail'!E131)<ABS(INDEX('Picks Detail'!F131:Q131,1,D7)-'Picks Detail'!E131),"W",IF(ABS(INDEX('Picks Detail'!F131:Q131,1,A7)-'Picks Detail'!E131)>ABS(INDEX('Picks Detail'!F131:Q131,1,D7)-'Picks Detail'!E131),"L","T")),"T")))) -> - | G7: =IF(F7="W",10,IF(F7="T",5,0)) -> 0 | H7: =IF(C7="",0,C7) -> 0 | I7: =G7+H7 -> 0
A8: 3 | B8: =Roster!B5 -> Jack Smith | C8: =SUMPRODUCT(('Picks Detail'!H117:H130<>"")*('Picks Detail'!E117:E130<>"")*('Picks Detail'!H117:H130='Picks Detail'!E117:E130)*('Picks Detail'!U117:U130)) -> 0 | D8: 8 | E8: =IFERROR(INDEX(C$6:C$17,MATCH(8,A$6:A$17,0)),0) -> 0 | F8: =IF(C8=0,"-",IF(C8>E8,"W",IF(C8<E8,"L",IF(AND('Picks Detail'!E131<>"",INDEX('Picks Detail'!F131:Q131,1,A8)<>"",INDEX('Picks Detail'!F131:Q131,1,D8)<>""),IF(ABS(INDEX('Picks Detail'!F131:Q131,1,A8)-'Picks Detail'!E131)<ABS(INDEX('Picks Detail'!F131:Q131,1,D8)-'Picks Detail'!E131),"W",IF(ABS(INDEX('Picks Detail'!F131:Q131,1,A8)-'Picks Detail'!E131)>ABS(INDEX('Picks Detail'!F131:Q131,1,D8)-'Picks Detail'!E131),"L","T")),"T")))) -> - | G8: =IF(F8="W",10,IF(F8="T",5,0)) -> 0 | H8: =IF(C8="",0,C8) -> 0 | I8: =G8+H8 -> 0
A9: 4 | B9: =Roster!B6 -> Luke Ussery | C9: =SUMPRODUCT(('Picks Detail'!I117:I130<>"")*('Picks Detail'!E117:E130<>"")*('Picks Detail'!I117:I130='Picks Detail'!E117:E130)*('Picks Detail'!V117:V130)) -> 0 | D9: 7 | E9: =IFERROR(INDEX(C$6:C$17,MATCH(7,A$6:A$17,0)),0) -> 0 | F9: =IF(C9=0,"-",IF(C9>E9,"W",IF(C9<E9,"L",IF(AND('Picks Detail'!E131<>"",INDEX('Picks Detail'!F131:Q131,1,A9)<>"",INDEX('Picks Detail'!F131:Q131,1,D9)<>""),IF(ABS(INDEX('Picks Detail'!F131:Q131,1,A9)-'Picks Detail'!E131)<ABS(INDEX('Picks Detail'!F131:Q131,1,D9)-'Picks Detail'!E131),"W",IF(ABS(INDEX('Picks Detail'!F131:Q131,1,A9)-'Picks Detail'!E131)>ABS(INDEX('Picks Detail'!F131:Q131,1,D9)-'Picks Detail'!E131),"L","T")),"T")))) -> - | G9: =IF(F9="W",10,IF(F9="T",5,0)) -> 0 | H9: =IF(C9="",0,C9) -> 0 | I9: =G9+H9 -> 0
A10: 5 | B10: =Roster!B7 -> Mikayla Simmons | C10: =SUMPRODUCT(('Picks Detail'!J117:J130<>"")*('Picks Detail'!E117:E130<>"")*('Picks Detail'!J117:J130='Picks Detail'!E117:E130)*('Picks Detail'!W117:W130)) -> 0 | D10: 11 | E10: =IFERROR(INDEX(C$6:C$17,MATCH(11,A$6:A$17,0)),0) -> 0 | F10: =IF(C10=0,"-",IF(C10>E10,"W",IF(C10<E10,"L",IF(AND('Picks Detail'!E131<>"",INDEX('Picks Detail'!F131:Q131,1,A10)<>"",INDEX('Picks Detail'!F131:Q131,1,D10)<>""),IF(ABS(INDEX('Picks Detail'!F131:Q131,1,A10)-'Picks Detail'!E131)<ABS(INDEX('Picks Detail'!F131:Q131,1,D10)-'Picks Detail'!E131),"W",IF(ABS(INDEX('Picks Detail'!F131:Q131,1,A10)-'Picks Detail'!E131)>ABS(INDEX('Picks Detail'!F131:Q131,1,D10)-'Picks Detail'!E131),"L","T")),"T")))) -> - | G10: =IF(F10="W",10,IF(F10="T",5,0)) -> 0 | H10: =IF(C10="",0,C10) -> 0 | I10: =G10+H10 -> 0
A11: 6 | B11: =Roster!B8 -> Alan Loeser | C11: =SUMPRODUCT(('Picks Detail'!K117:K130<>"")*('Picks Detail'!E117:E130<>"")*('Picks Detail'!K117:K130='Picks Detail'!E117:E130)*('Picks Detail'!X117:X130)) -> 0 | D11: 12 | E11: =IFERROR(INDEX(C$6:C$17,MATCH(12,A$6:A$17,0)),0) -> 0 | F11: =IF(C11=0,"-",IF(C11>E11,"W",IF(C11<E11,"L",IF(AND('Picks Detail'!E131<>"",INDEX('Picks Detail'!F131:Q131,1,A11)<>"",INDEX('Picks Detail'!F131:Q131,1,D11)<>""),IF(ABS(INDEX('Picks Detail'!F131:Q131,1,A11)-'Picks Detail'!E131)<ABS(INDEX('Picks Detail'!F131:Q131,1,D11)-'Picks Detail'!E131),"W",IF(ABS(INDEX('Picks Detail'!F131:Q131,1,A11)-'Picks Detail'!E131)>ABS(INDEX('Picks Detail'!F131:Q131,1,D11)-'Picks Detail'!E131),"L","T")),"T")))) -> - | G11: =IF(F11="W",10,IF(F11="T",5,0)) -> 0 | H11: =IF(C11="",0,C11) -> 0 | I11: =G11+H11 -> 0
A12: 7 | B12: =Roster!B9 -> Caleb Simmons | C12: =SUMPRODUCT(('Picks Detail'!L117:L130<>"")*('Picks Detail'!E117:E130<>"")*('Picks Detail'!L117:L130='Picks Detail'!E117:E130)*('Picks Detail'!Y117:Y130)) -> 0 | D12: 4 | E12: =IFERROR(INDEX(C$6:C$17,MATCH(4,A$6:A$17,0)),0) -> 0 | F12: =IF(C12=0,"-",IF(C12>E12,"W",IF(C12<E12,"L",IF(AND('Picks Detail'!E131<>"",INDEX('Picks Detail'!F131:Q131,1,A12)<>"",INDEX('Picks Detail'!F131:Q131,1,D12)<>""),IF(ABS(INDEX('Picks Detail'!F131:Q131,1,A12)-'Picks Detail'!E131)<ABS(INDEX('Picks Detail'!F131:Q131,1,D12)-'Picks Detail'!E131),"W",IF(ABS(INDEX('Picks Detail'!F131:Q131,1,A12)-'Picks Detail'!E131)>ABS(INDEX('Picks Detail'!F131:Q131,1,D12)-'Picks Detail'!E131),"L","T")),"T")))) -> - | G12: =IF(F12="W",10,IF(F12="T",5,0)) -> 0 | H12: =IF(C12="",0,C12) -> 0 | I12: =G12+H12 -> 0
A13: 8 | B13: =Roster!B10 -> Larry Loeser | C13: =SUMPRODUCT(('Picks Detail'!M117:M130<>"")*('Picks Detail'!E117:E130<>"")*('Picks Detail'!M117:M130='Picks Detail'!E117:E130)*('Picks Detail'!Z117:Z130)) -> 0 | D13: 3 | E13: =IFERROR(INDEX(C$6:C$17,MATCH(3,A$6:A$17,0)),0) -> 0 | F13: =IF(C13=0,"-",IF(C13>E13,"W",IF(C13<E13,"L",IF(AND('Picks Detail'!E131<>"",INDEX('Picks Detail'!F131:Q131,1,A13)<>"",INDEX('Picks Detail'!F131:Q131,1,D13)<>""),IF(ABS(INDEX('Picks Detail'!F131:Q131,1,A13)-'Picks Detail'!E131)<ABS(INDEX('Picks Detail'!F131:Q131,1,D13)-'Picks Detail'!E131),"W",IF(ABS(INDEX('Picks Detail'!F131:Q131,1,A13)-'Picks Detail'!E131)>ABS(INDEX('Picks Detail'!F131:Q131,1,D13)-'Picks Detail'!E131),"L","T")),"T")))) -> - | G13: =IF(F13="W",10,IF(F13="T",5,0)) -> 0 | H13: =IF(C13="",0,C13) -> 0 | I13: =G13+H13 -> 0
A14: 9 | B14: =Roster!B11 -> Daddy Michael | C14: =SUMPRODUCT(('Picks Detail'!N117:N130<>"")*('Picks Detail'!E117:E130<>"")*('Picks Detail'!N117:N130='Picks Detail'!E117:E130)*('Picks Detail'!AA117:AA130)) -> 0 | D14: 2 | E14: =IFERROR(INDEX(C$6:C$17,MATCH(2,A$6:A$17,0)),0) -> 0 | F14: =IF(C14=0,"-",IF(C14>E14,"W",IF(C14<E14,"L",IF(AND('Picks Detail'!E131<>"",INDEX('Picks Detail'!F131:Q131,1,A14)<>"",INDEX('Picks Detail'!F131:Q131,1,D14)<>""),IF(ABS(INDEX('Picks Detail'!F131:Q131,1,A14)-'Picks Detail'!E131)<ABS(INDEX('Picks Detail'!F131:Q131,1,D14)-'Picks Detail'!E131),"W",IF(ABS(INDEX('Picks Detail'!F131:Q131,1,A14)-'Picks Detail'!E131)>ABS(INDEX('Picks Detail'!F131:Q131,1,D14)-'Picks Detail'!E131),"L","T")),"T")))) -> - | G14: =IF(F14="W",10,IF(F14="T",5,0)) -> 0 | H14: =IF(C14="",0,C14) -> 0 | I14: =G14+H14 -> 0
A15: 10 | B15: =Roster!B12 -> Zach Zarra | C15: =SUMPRODUCT(('Picks Detail'!O117:O130<>"")*('Picks Detail'!E117:E130<>"")*('Picks Detail'!O117:O130='Picks Detail'!E117:E130)*('Picks Detail'!AB117:AB130)) -> 0 | D15: 1 | E15: =IFERROR(INDEX(C$6:C$17,MATCH(1,A$6:A$17,0)),0) -> 0 | F15: =IF(C15=0,"-",IF(C15>E15,"W",IF(C15<E15,"L",IF(AND('Picks Detail'!E131<>"",INDEX('Picks Detail'!F131:Q131,1,A15)<>"",INDEX('Picks Detail'!F131:Q131,1,D15)<>""),IF(ABS(INDEX('Picks Detail'!F131:Q131,1,A15)-'Picks Detail'!E131)<ABS(INDEX('Picks Detail'!F131:Q131,1,D15)-'Picks Detail'!E131),"W",IF(ABS(INDEX('Picks Detail'!F131:Q131,1,A15)-'Picks Detail'!E131)>ABS(INDEX('Picks Detail'!F131:Q131,1,D15)-'Picks Detail'!E131),"L","T")),"T")))) -> - | G15: =IF(F15="W",10,IF(F15="T",5,0)) -> 0 | H15: =IF(C15="",0,C15) -> 0 | I15: =G15+H15 -> 0
A16: 11 | B16: =Roster!B13 -> Jeffrey Loeser | C16: =SUMPRODUCT(('Picks Detail'!P117:P130<>"")*('Picks Detail'!E117:E130<>"")*('Picks Detail'!P117:P130='Picks Detail'!E117:E130)*('Picks Detail'!AC117:AC130)) -> 0 | D16: 5 | E16: =IFERROR(INDEX(C$6:C$17,MATCH(5,A$6:A$17,0)),0) -> 0 | F16: =IF(C16=0,"-",IF(C16>E16,"W",IF(C16<E16,"L",IF(AND('Picks Detail'!E131<>"",INDEX('Picks Detail'!F131:Q131,1,A16)<>"",INDEX('Picks Detail'!F131:Q131,1,D16)<>""),IF(ABS(INDEX('Picks Detail'!F131:Q131,1,A16)-'Picks Detail'!E131)<ABS(INDEX('Picks Detail'!F131:Q131,1,D16)-'Picks Detail'!E131),"W",IF(ABS(INDEX('Picks Detail'!F131:Q131,1,A16)-'Picks Detail'!E131)>ABS(INDEX('Picks Detail'!F131:Q131,1,D16)-'Picks Detail'!E131),"L","T")),"T")))) -> - | G16: =IF(F16="W",10,IF(F16="T",5,0)) -> 0 | H16: =IF(C16="",0,C16) -> 0 | I16: =G16+H16 -> 0
A17: 12 | B17: =Roster!B14 -> Jake Andrews | C17: =SUMPRODUCT(('Picks Detail'!Q117:Q130<>"")*('Picks Detail'!E117:E130<>"")*('Picks Detail'!Q117:Q130='Picks Detail'!E117:E130)*('Picks Detail'!AD117:AD130)) -> 0 | D17: 6 | E17: =IFERROR(INDEX(C$6:C$17,MATCH(6,A$6:A$17,0)),0) -> 0 | F17: =IF(C17=0,"-",IF(C17>E17,"W",IF(C17<E17,"L",IF(AND('Picks Detail'!E131<>"",INDEX('Picks Detail'!F131:Q131,1,A17)<>"",INDEX('Picks Detail'!F131:Q131,1,D17)<>""),IF(ABS(INDEX('Picks Detail'!F131:Q131,1,A17)-'Picks Detail'!E131)<ABS(INDEX('Picks Detail'!F131:Q131,1,D17)-'Picks Detail'!E131),"W",IF(ABS(INDEX('Picks Detail'!F131:Q131,1,A17)-'Picks Detail'!E131)>ABS(INDEX('Picks Detail'!F131:Q131,1,D17)-'Picks Detail'!E131),"L","T")),"T")))) -> - | G17: =IF(F17="W",10,IF(F17="T",5,0)) -> 0 | H17: =IF(C17="",0,C17) -> 0 | I17: =G17+H17 -> 0
A19: WEEK 8
A20: Player # | B20: Player Name | C20: Weighted Pts | D20: H2H Opp | E20: Opp Wtd Pts | F20: H2H Result | G20: H2H Pts | H20: Pick Pts | I20: Week Total
A21: 1 | B21: =Roster!B3 -> Evan Loeser | C21: =SUMPRODUCT(('Picks Detail'!F134:F147<>"")*('Picks Detail'!E134:E147<>"")*('Picks Detail'!F134:F147='Picks Detail'!E134:E147)*('Picks Detail'!S134:S147)) -> 0 | D21: 12 | E21: =IFERROR(INDEX(C$21:C$32,MATCH(12,A$21:A$32,0)),0) -> 0 | F21: =IF(C21=0,"-",IF(C21>E21,"W",IF(C21<E21,"L",IF(AND('Picks Detail'!E148<>"",INDEX('Picks Detail'!F148:Q148,1,A21)<>"",INDEX('Picks Detail'!F148:Q148,1,D21)<>""),IF(ABS(INDEX('Picks Detail'!F148:Q148,1,A21)-'Picks Detail'!E148)<ABS(INDEX('Picks Detail'!F148:Q148,1,D21)-'Picks Detail'!E148),"W",IF(ABS(INDEX('Picks Detail'!F148:Q148,1,A21)-'Picks Detail'!E148)>ABS(INDEX('Picks Detail'!F148:Q148,1,D21)-'Picks Detail'!E148),"L","T")),"T")))) -> - | G21: =IF(F21="W",10,IF(F21="T",5,0)) -> 0 | H21: =IF(C21="",0,C21) -> 0 | I21: =G21+H21 -> 0
A22: 2 | B22: =Roster!B4 -> Chris Simmons | C22: =SUMPRODUCT(('Picks Detail'!G134:G147<>"")*('Picks Detail'!E134:E147<>"")*('Picks Detail'!G134:G147='Picks Detail'!E134:E147)*('Picks Detail'!T134:T147)) -> 0 | D22: 11 | E22: =IFERROR(INDEX(C$21:C$32,MATCH(11,A$21:A$32,0)),0) -> 0 | F22: =IF(C22=0,"-",IF(C22>E22,"W",IF(C22<E22,"L",IF(AND('Picks Detail'!E148<>"",INDEX('Picks Detail'!F148:Q148,1,A22)<>"",INDEX('Picks Detail'!F148:Q148,1,D22)<>""),IF(ABS(INDEX('Picks Detail'!F148:Q148,1,A22)-'Picks Detail'!E148)<ABS(INDEX('Picks Detail'!F148:Q148,1,D22)-'Picks Detail'!E148),"W",IF(ABS(INDEX('Picks Detail'!F148:Q148,1,A22)-'Picks Detail'!E148)>ABS(INDEX('Picks Detail'!F148:Q148,1,D22)-'Picks Detail'!E148),"L","T")),"T")))) -> - | G22: =IF(F22="W",10,IF(F22="T",5,0)) -> 0 | H22: =IF(C22="",0,C22) -> 0 | I22: =G22+H22 -> 0
A23: 3 | B23: =Roster!B5 -> Jack Smith | C23: =SUMPRODUCT(('Picks Detail'!H134:H147<>"")*('Picks Detail'!E134:E147<>"")*('Picks Detail'!H134:H147='Picks Detail'!E134:E147)*('Picks Detail'!U134:U147)) -> 0 | D23: 6 | E23: =IFERROR(INDEX(C$21:C$32,MATCH(6,A$21:A$32,0)),0) -> 0 | F23: =IF(C23=0,"-",IF(C23>E23,"W",IF(C23<E23,"L",IF(AND('Picks Detail'!E148<>"",INDEX('Picks Detail'!F148:Q148,1,A23)<>"",INDEX('Picks Detail'!F148:Q148,1,D23)<>""),IF(ABS(INDEX('Picks Detail'!F148:Q148,1,A23)-'Picks Detail'!E148)<ABS(INDEX('Picks Detail'!F148:Q148,1,D23)-'Picks Detail'!E148),"W",IF(ABS(INDEX('Picks Detail'!F148:Q148,1,A23)-'Picks Detail'!E148)>ABS(INDEX('Picks Detail'!F148:Q148,1,D23)-'Picks Detail'!E148),"L","T")),"T")))) -> - | G23: =IF(F23="W",10,IF(F23="T",5,0)) -> 0 | H23: =IF(C23="",0,C23) -> 0 | I23: =G23+H23 -> 0
A24: 4 | B24: =Roster!B6 -> Luke Ussery | C24: =SUMPRODUCT(('Picks Detail'!I134:I147<>"")*('Picks Detail'!E134:E147<>"")*('Picks Detail'!I134:I147='Picks Detail'!E134:E147)*('Picks Detail'!V134:V147)) -> 0 | D24: 5 | E24: =IFERROR(INDEX(C$21:C$32,MATCH(5,A$21:A$32,0)),0) -> 0 | F24: =IF(C24=0,"-",IF(C24>E24,"W",IF(C24<E24,"L",IF(AND('Picks Detail'!E148<>"",INDEX('Picks Detail'!F148:Q148,1,A24)<>"",INDEX('Picks Detail'!F148:Q148,1,D24)<>""),IF(ABS(INDEX('Picks Detail'!F148:Q148,1,A24)-'Picks Detail'!E148)<ABS(INDEX('Picks Detail'!F148:Q148,1,D24)-'Picks Detail'!E148),"W",IF(ABS(INDEX('Picks Detail'!F148:Q148,1,A24)-'Picks Detail'!E148)>ABS(INDEX('Picks Detail'!F148:Q148,1,D24)-'Picks Detail'!E148),"L","T")),"T")))) -> - | G24: =IF(F24="W",10,IF(F24="T",5,0)) -> 0 | H24: =IF(C24="",0,C24) -> 0 | I24: =G24+H24 -> 0
A25: 5 | B25: =Roster!B7 -> Mikayla Simmons | C25: =SUMPRODUCT(('Picks Detail'!J134:J147<>"")*('Picks Detail'!E134:E147<>"")*('Picks Detail'!J134:J147='Picks Detail'!E134:E147)*('Picks Detail'!W134:W147)) -> 0 | D25: 4 | E25: =IFERROR(INDEX(C$21:C$32,MATCH(4,A$21:A$32,0)),0) -> 0 | F25: =IF(C25=0,"-",IF(C25>E25,"W",IF(C25<E25,"L",IF(AND('Picks Detail'!E148<>"",INDEX('Picks Detail'!F148:Q148,1,A25)<>"",INDEX('Picks Detail'!F148:Q148,1,D25)<>""),IF(ABS(INDEX('Picks Detail'!F148:Q148,1,A25)-'Picks Detail'!E148)<ABS(INDEX('Picks Detail'!F148:Q148,1,D25)-'Picks Detail'!E148),"W",IF(ABS(INDEX('Picks Detail'!F148:Q148,1,A25)-'Picks Detail'!E148)>ABS(INDEX('Picks Detail'!F148:Q148,1,D25)-'Picks Detail'!E148),"L","T")),"T")))) -> - | G25: =IF(F25="W",10,IF(F25="T",5,0)) -> 0 | H25: =IF(C25="",0,C25) -> 0 | I25: =G25+H25 -> 0
A26: 6 | B26: =Roster!B8 -> Alan Loeser | C26: =SUMPRODUCT(('Picks Detail'!K134:K147<>"")*('Picks Detail'!E134:E147<>"")*('Picks Detail'!K134:K147='Picks Detail'!E134:E147)*('Picks Detail'!X134:X147)) -> 0 | D26: 3 | E26: =IFERROR(INDEX(C$21:C$32,MATCH(3,A$21:A$32,0)),0) -> 0 | F26: =IF(C26=0,"-",IF(C26>E26,"W",IF(C26<E26,"L",IF(AND('Picks Detail'!E148<>"",INDEX('Picks Detail'!F148:Q148,1,A26)<>"",INDEX('Picks Detail'!F148:Q148,1,D26)<>""),IF(ABS(INDEX('Picks Detail'!F148:Q148,1,A26)-'Picks Detail'!E148)<ABS(INDEX('Picks Detail'!F148:Q148,1,D26)-'Picks Detail'!E148),"W",IF(ABS(INDEX('Picks Detail'!F148:Q148,1,A26)-'Picks Detail'!E148)>ABS(INDEX('Picks Detail'!F148:Q148,1,D26)-'Picks Detail'!E148),"L","T")),"T")))) -> - | G26: =IF(F26="W",10,IF(F26="T",5,0)) -> 0 | H26: =IF(C26="",0,C26) -> 0 | I26: =G26+H26 -> 0
A27: 7 | B27: =Roster!B9 -> Caleb Simmons | C27: =SUMPRODUCT(('Picks Detail'!L134:L147<>"")*('Picks Detail'!E134:E147<>"")*('Picks Detail'!L134:L147='Picks Detail'!E134:E147)*('Picks Detail'!Y134:Y147)) -> 0 | D27: 10 | E27: =IFERROR(INDEX(C$21:C$32,MATCH(10,A$21:A$32,0)),0) -> 0 | F27: =IF(C27=0,"-",IF(C27>E27,"W",IF(C27<E27,"L",IF(AND('Picks Detail'!E148<>"",INDEX('Picks Detail'!F148:Q148,1,A27)<>"",INDEX('Picks Detail'!F148:Q148,1,D27)<>""),IF(ABS(INDEX('Picks Detail'!F148:Q148,1,A27)-'Picks Detail'!E148)<ABS(INDEX('Picks Detail'!F148:Q148,1,D27)-'Picks Detail'!E148),"W",IF(ABS(INDEX('Picks Detail'!F148:Q148,1,A27)-'Picks Detail'!E148)>ABS(INDEX('Picks Detail'!F148:Q148,1,D27)-'Picks Detail'!E148),"L","T")),"T")))) -> - | G27: =IF(F27="W",10,IF(F27="T",5,0)) -> 0 | H27: =IF(C27="",0,C27) -> 0 | I27: =G27+H27 -> 0
A28: 8 | B28: =Roster!B10 -> Larry Loeser | C28: =SUMPRODUCT(('Picks Detail'!M134:M147<>"")*('Picks Detail'!E134:E147<>"")*('Picks Detail'!M134:M147='Picks Detail'!E134:E147)*('Picks Detail'!Z134:Z147)) -> 0 | D28: 9 | E28: =IFERROR(INDEX(C$21:C$32,MATCH(9,A$21:A$32,0)),0) -> 0 | F28: =IF(C28=0,"-",IF(C28>E28,"W",IF(C28<E28,"L",IF(AND('Picks Detail'!E148<>"",INDEX('Picks Detail'!F148:Q148,1,A28)<>"",INDEX('Picks Detail'!F148:Q148,1,D28)<>""),IF(ABS(INDEX('Picks Detail'!F148:Q148,1,A28)-'Picks Detail'!E148)<ABS(INDEX('Picks Detail'!F148:Q148,1,D28)-'Picks Detail'!E148),"W",IF(ABS(INDEX('Picks Detail'!F148:Q148,1,A28)-'Picks Detail'!E148)>ABS(INDEX('Picks Detail'!F148:Q148,1,D28)-'Picks Detail'!E148),"L","T")),"T")))) -> - | G28: =IF(F28="W",10,IF(F28="T",5,0)) -> 0 | H28: =IF(C28="",0,C28) -> 0 | I28: =G28+H28 -> 0
A29: 9 | B29: =Roster!B11 -> Daddy Michael | C29: =SUMPRODUCT(('Picks Detail'!N134:N147<>"")*('Picks Detail'!E134:E147<>"")*('Picks Detail'!N134:N147='Picks Detail'!E134:E147)*('Picks Detail'!AA134:AA147)) -> 0 | D29: 8 | E29: =IFERROR(INDEX(C$21:C$32,MATCH(8,A$21:A$32,0)),0) -> 0 | F29: =IF(C29=0,"-",IF(C29>E29,"W",IF(C29<E29,"L",IF(AND('Picks Detail'!E148<>"",INDEX('Picks Detail'!F148:Q148,1,A29)<>"",INDEX('Picks Detail'!F148:Q148,1,D29)<>""),IF(ABS(INDEX('Picks Detail'!F148:Q148,1,A29)-'Picks Detail'!E148)<ABS(INDEX('Picks Detail'!F148:Q148,1,D29)-'Picks Detail'!E148),"W",IF(ABS(INDEX('Picks Detail'!F148:Q148,1,A29)-'Picks Detail'!E148)>ABS(INDEX('Picks Detail'!F148:Q148,1,D29)-'Picks Detail'!E148),"L","T")),"T")))) -> - | G29: =IF(F29="W",10,IF(F29="T",5,0)) -> 0 | H29: =IF(C29="",0,C29) -> 0 | I29: =G29+H29 -> 0
A30: 10 | B30: =Roster!B12 -> Zach Zarra | C30: =SUMPRODUCT(('Picks Detail'!O134:O147<>"")*('Picks Detail'!E134:E147<>"")*('Picks Detail'!O134:O147='Picks Detail'!E134:E147)*('Picks Detail'!AB134:AB147)) -> 0 | D30: 7 | E30: =IFERROR(INDEX(C$21:C$32,MATCH(7,A$21:A$32,0)),0) -> 0 | F30: =IF(C30=0,"-",IF(C30>E30,"W",IF(C30<E30,"L",IF(AND('Picks Detail'!E148<>"",INDEX('Picks Detail'!F148:Q148,1,A30)<>"",INDEX('Picks Detail'!F148:Q148,1,D30)<>""),IF(ABS(INDEX('Picks Detail'!F148:Q148,1,A30)-'Picks Detail'!E148)<ABS(INDEX('Picks Detail'!F148:Q148,1,D30)-'Picks Detail'!E148),"W",IF(ABS(INDEX('Picks Detail'!F148:Q148,1,A30)-'Picks Detail'!E148)>ABS(INDEX('Picks Detail'!F148:Q148,1,D30)-'Picks Detail'!E148),"L","T")),"T")))) -> - | G30: =IF(F30="W",10,IF(F30="T",5,0)) -> 0 | H30: =IF(C30="",0,C30) -> 0 | I30: =G30+H30 -> 0
A31: 11 | B31: =Roster!B13 -> Jeffrey Loeser | C31: =SUMPRODUCT(('Picks Detail'!P134:P147<>"")*('Picks Detail'!E134:E147<>"")*('Picks Detail'!P134:P147='Picks Detail'!E134:E147)*('Picks Detail'!AC134:AC147)) -> 0 | D31: 2 | E31: =IFERROR(INDEX(C$21:C$32,MATCH(2,A$21:A$32,0)),0) -> 0 | F31: =IF(C31=0,"-",IF(C31>E31,"W",IF(C31<E31,"L",IF(AND('Picks Detail'!E148<>"",INDEX('Picks Detail'!F148:Q148,1,A31)<>"",INDEX('Picks Detail'!F148:Q148,1,D31)<>""),IF(ABS(INDEX('Picks Detail'!F148:Q148,1,A31)-'Picks Detail'!E148)<ABS(INDEX('Picks Detail'!F148:Q148,1,D31)-'Picks Detail'!E148),"W",IF(ABS(INDEX('Picks Detail'!F148:Q148,1,A31)-'Picks Detail'!E148)>ABS(INDEX('Picks Detail'!F148:Q148,1,D31)-'Picks Detail'!E148),"L","T")),"T")))) -> - | G31: =IF(F31="W",10,IF(F31="T",5,0)) -> 0 | H31: =IF(C31="",0,C31) -> 0 | I31: =G31+H31 -> 0
A32: 12 | B32: =Roster!B14 -> Jake Andrews | C32: =SUMPRODUCT(('Picks Detail'!Q134:Q147<>"")*('Picks Detail'!E134:E147<>"")*('Picks Detail'!Q134:Q147='Picks Detail'!E134:E147)*('Picks Detail'!AD134:AD147)) -> 0 | D32: 1 | E32: =IFERROR(INDEX(C$21:C$32,MATCH(1,A$21:A$32,0)),0) -> 0 | F32: =IF(C32=0,"-",IF(C32>E32,"W",IF(C32<E32,"L",IF(AND('Picks Detail'!E148<>"",INDEX('Picks Detail'!F148:Q148,1,A32)<>"",INDEX('Picks Detail'!F148:Q148,1,D32)<>""),IF(ABS(INDEX('Picks Detail'!F148:Q148,1,A32)-'Picks Detail'!E148)<ABS(INDEX('Picks Detail'!F148:Q148,1,D32)-'Picks Detail'!E148),"W",IF(ABS(INDEX('Picks Detail'!F148:Q148,1,A32)-'Picks Detail'!E148)>ABS(INDEX('Picks Detail'!F148:Q148,1,D32)-'Picks Detail'!E148),"L","T")),"T")))) -> - | G32: =IF(F32="W",10,IF(F32="T",5,0)) -> 0 | H32: =IF(C32="",0,C32) -> 0 | I32: =G32+H32 -> 0
A34: WEEK 9
A35: Player # | B35: Player Name | C35: Weighted Pts | D35: H2H Opp | E35: Opp Wtd Pts | F35: H2H Result | G35: H2H Pts | H35: Pick Pts | I35: Week Total
A36: 1 | B36: =Roster!B3 -> Evan Loeser | C36: =SUMPRODUCT(('Picks Detail'!F151:F165<>"")*('Picks Detail'!E151:E165<>"")*('Picks Detail'!F151:F165='Picks Detail'!E151:E165)*('Picks Detail'!S151:S165)) -> 0 | D36: 5 | E36: =IFERROR(INDEX(C$36:C$47,MATCH(5,A$36:A$47,0)),0) -> 0 | F36: =IF(C36=0,"-",IF(C36>E36,"W",IF(C36<E36,"L",IF(AND('Picks Detail'!E166<>"",INDEX('Picks Detail'!F166:Q166,1,A36)<>"",INDEX('Picks Detail'!F166:Q166,1,D36)<>""),IF(ABS(INDEX('Picks Detail'!F166:Q166,1,A36)-'Picks Detail'!E166)<ABS(INDEX('Picks Detail'!F166:Q166,1,D36)-'Picks Detail'!E166),"W",IF(ABS(INDEX('Picks Detail'!F166:Q166,1,A36)-'Picks Detail'!E166)>ABS(INDEX('Picks Detail'!F166:Q166,1,D36)-'Picks Detail'!E166),"L","T")),"T")))) -> - | G36: =IF(F36="W",10,IF(F36="T",5,0)) -> 0 | H36: =IF(C36="",0,C36) -> 0 | I36: =G36+H36 -> 0
A37: 2 | B37: =Roster!B4 -> Chris Simmons | C37: =SUMPRODUCT(('Picks Detail'!G151:G165<>"")*('Picks Detail'!E151:E165<>"")*('Picks Detail'!G151:G165='Picks Detail'!E151:E165)*('Picks Detail'!T151:T165)) -> 0 | D37: 6 | E37: =IFERROR(INDEX(C$36:C$47,MATCH(6,A$36:A$47,0)),0) -> 0 | F37: =IF(C37=0,"-",IF(C37>E37,"W",IF(C37<E37,"L",IF(AND('Picks Detail'!E166<>"",INDEX('Picks Detail'!F166:Q166,1,A37)<>"",INDEX('Picks Detail'!F166:Q166,1,D37)<>""),IF(ABS(INDEX('Picks Detail'!F166:Q166,1,A37)-'Picks Detail'!E166)<ABS(INDEX('Picks Detail'!F166:Q166,1,D37)-'Picks Detail'!E166),"W",IF(ABS(INDEX('Picks Detail'!F166:Q166,1,A37)-'Picks Detail'!E166)>ABS(INDEX('Picks Detail'!F166:Q166,1,D37)-'Picks Detail'!E166),"L","T")),"T")))) -> - | G37: =IF(F37="W",10,IF(F37="T",5,0)) -> 0 | H37: =IF(C37="",0,C37) -> 0 | I37: =G37+H37 -> 0
A38: 3 | B38: =Roster!B5 -> Jack Smith | C38: =SUMPRODUCT(('Picks Detail'!H151:H165<>"")*('Picks Detail'!E151:E165<>"")*('Picks Detail'!H151:H165='Picks Detail'!E151:E165)*('Picks Detail'!U151:U165)) -> 0 | D38: 10 | E38: =IFERROR(INDEX(C$36:C$47,MATCH(10,A$36:A$47,0)),0) -> 0 | F38: =IF(C38=0,"-",IF(C38>E38,"W",IF(C38<E38,"L",IF(AND('Picks Detail'!E166<>"",INDEX('Picks Detail'!F166:Q166,1,A38)<>"",INDEX('Picks Detail'!F166:Q166,1,D38)<>""),IF(ABS(INDEX('Picks Detail'!F166:Q166,1,A38)-'Picks Detail'!E166)<ABS(INDEX('Picks Detail'!F166:Q166,1,D38)-'Picks Detail'!E166),"W",IF(ABS(INDEX('Picks Detail'!F166:Q166,1,A38)-'Picks Detail'!E166)>ABS(INDEX('Picks Detail'!F166:Q166,1,D38)-'Picks Detail'!E166),"L","T")),"T")))) -> - | G38: =IF(F38="W",10,IF(F38="T",5,0)) -> 0 | H38: =IF(C38="",0,C38) -> 0 | I38: =G38+H38 -> 0
A39: 4 | B39: =Roster!B6 -> Luke Ussery | C39: =SUMPRODUCT(('Picks Detail'!I151:I165<>"")*('Picks Detail'!E151:E165<>"")*('Picks Detail'!I151:I165='Picks Detail'!E151:E165)*('Picks Detail'!V151:V165)) -> 0 | D39: 9 | E39: =IFERROR(INDEX(C$36:C$47,MATCH(9,A$36:A$47,0)),0) -> 0 | F39: =IF(C39=0,"-",IF(C39>E39,"W",IF(C39<E39,"L",IF(AND('Picks Detail'!E166<>"",INDEX('Picks Detail'!F166:Q166,1,A39)<>"",INDEX('Picks Detail'!F166:Q166,1,D39)<>""),IF(ABS(INDEX('Picks Detail'!F166:Q166,1,A39)-'Picks Detail'!E166)<ABS(INDEX('Picks Detail'!F166:Q166,1,D39)-'Picks Detail'!E166),"W",IF(ABS(INDEX('Picks Detail'!F166:Q166,1,A39)-'Picks Detail'!E166)>ABS(INDEX('Picks Detail'!F166:Q166,1,D39)-'Picks Detail'!E166),"L","T")),"T")))) -> - | G39: =IF(F39="W",10,IF(F39="T",5,0)) -> 0 | H39: =IF(C39="",0,C39) -> 0 | I39: =G39+H39 -> 0
A40: 5 | B40: =Roster!B7 -> Mikayla Simmons | C40: =SUMPRODUCT(('Picks Detail'!J151:J165<>"")*('Picks Detail'!E151:E165<>"")*('Picks Detail'!J151:J165='Picks Detail'!E151:E165)*('Picks Detail'!W151:W165)) -> 0 | D40: 1 | E40: =IFERROR(INDEX(C$36:C$47,MATCH(1,A$36:A$47,0)),0) -> 0 | F40: =IF(C40=0,"-",IF(C40>E40,"W",IF(C40<E40,"L",IF(AND('Picks Detail'!E166<>"",INDEX('Picks Detail'!F166:Q166,1,A40)<>"",INDEX('Picks Detail'!F166:Q166,1,D40)<>""),IF(ABS(INDEX('Picks Detail'!F166:Q166,1,A40)-'Picks Detail'!E166)<ABS(INDEX('Picks Detail'!F166:Q166,1,D40)-'Picks Detail'!E166),"W",IF(ABS(INDEX('Picks Detail'!F166:Q166,1,A40)-'Picks Detail'!E166)>ABS(INDEX('Picks Detail'!F166:Q166,1,D40)-'Picks Detail'!E166),"L","T")),"T")))) -> - | G40: =IF(F40="W",10,IF(F40="T",5,0)) -> 0 | H40: =IF(C40="",0,C40) -> 0 | I40: =G40+H40 -> 0
A41: 6 | B41: =Roster!B8 -> Alan Loeser | C41: =SUMPRODUCT(('Picks Detail'!K151:K165<>"")*('Picks Detail'!E151:E165<>"")*('Picks Detail'!K151:K165='Picks Detail'!E151:E165)*('Picks Detail'!X151:X165)) -> 0 | D41: 2 | E41: =IFERROR(INDEX(C$36:C$47,MATCH(2,A$36:A$47,0)),0) -> 0 | F41: =IF(C41=0,"-",IF(C41>E41,"W",IF(C41<E41,"L",IF(AND('Picks Detail'!E166<>"",INDEX('Picks Detail'!F166:Q166,1,A41)<>"",INDEX('Picks Detail'!F166:Q166,1,D41)<>""),IF(ABS(INDEX('Picks Detail'!F166:Q166,1,A41)-'Picks Detail'!E166)<ABS(INDEX('Picks Detail'!F166:Q166,1,D41)-'Picks Detail'!E166),"W",IF(ABS(INDEX('Picks Detail'!F166:Q166,1,A41)-'Picks Detail'!E166)>ABS(INDEX('Picks Detail'!F166:Q166,1,D41)-'Picks Detail'!E166),"L","T")),"T")))) -> - | G41: =IF(F41="W",10,IF(F41="T",5,0)) -> 0 | H41: =IF(C41="",0,C41) -> 0 | I41: =G41+H41 -> 0
A42: 7 | B42: =Roster!B9 -> Caleb Simmons | C42: =SUMPRODUCT(('Picks Detail'!L151:L165<>"")*('Picks Detail'!E151:E165<>"")*('Picks Detail'!L151:L165='Picks Detail'!E151:E165)*('Picks Detail'!Y151:Y165)) -> 0 | D42: 12 | E42: =IFERROR(INDEX(C$36:C$47,MATCH(12,A$36:A$47,0)),0) -> 0 | F42: =IF(C42=0,"-",IF(C42>E42,"W",IF(C42<E42,"L",IF(AND('Picks Detail'!E166<>"",INDEX('Picks Detail'!F166:Q166,1,A42)<>"",INDEX('Picks Detail'!F166:Q166,1,D42)<>""),IF(ABS(INDEX('Picks Detail'!F166:Q166,1,A42)-'Picks Detail'!E166)<ABS(INDEX('Picks Detail'!F166:Q166,1,D42)-'Picks Detail'!E166),"W",IF(ABS(INDEX('Picks Detail'!F166:Q166,1,A42)-'Picks Detail'!E166)>ABS(INDEX('Picks Detail'!F166:Q166,1,D42)-'Picks Detail'!E166),"L","T")),"T")))) -> - | G42: =IF(F42="W",10,IF(F42="T",5,0)) -> 0 | H42: =IF(C42="",0,C42) -> 0 | I42: =G42+H42 -> 0
A43: 8 | B43: =Roster!B10 -> Larry Loeser | C43: =SUMPRODUCT(('Picks Detail'!M151:M165<>"")*('Picks Detail'!E151:E165<>"")*('Picks Detail'!M151:M165='Picks Detail'!E151:E165)*('Picks Detail'!Z151:Z165)) -> 0 | D43: 11 | E43: =IFERROR(INDEX(C$36:C$47,MATCH(11,A$36:A$47,0)),0) -> 0 | F43: =IF(C43=0,"-",IF(C43>E43,"W",IF(C43<E43,"L",IF(AND('Picks Detail'!E166<>"",INDEX('Picks Detail'!F166:Q166,1,A43)<>"",INDEX('Picks Detail'!F166:Q166,1,D43)<>""),IF(ABS(INDEX('Picks Detail'!F166:Q166,1,A43)-'Picks Detail'!E166)<ABS(INDEX('Picks Detail'!F166:Q166,1,D43)-'Picks Detail'!E166),"W",IF(ABS(INDEX('Picks Detail'!F166:Q166,1,A43)-'Picks Detail'!E166)>ABS(INDEX('Picks Detail'!F166:Q166,1,D43)-'Picks Detail'!E166),"L","T")),"T")))) -> - | G43: =IF(F43="W",10,IF(F43="T",5,0)) -> 0 | H43: =IF(C43="",0,C43) -> 0 | I43: =G43+H43 -> 0
A44: 9 | B44: =Roster!B11 -> Daddy Michael | C44: =SUMPRODUCT(('Picks Detail'!N151:N165<>"")*('Picks Detail'!E151:E165<>"")*('Picks Detail'!N151:N165='Picks Detail'!E151:E165)*('Picks Detail'!AA151:AA165)) -> 0 | D44: 4 | E44: =IFERROR(INDEX(C$36:C$47,MATCH(4,A$36:A$47,0)),0) -> 0 | F44: =IF(C44=0,"-",IF(C44>E44,"W",IF(C44<E44,"L",IF(AND('Picks Detail'!E166<>"",INDEX('Picks Detail'!F166:Q166,1,A44)<>"",INDEX('Picks Detail'!F166:Q166,1,D44)<>""),IF(ABS(INDEX('Picks Detail'!F166:Q166,1,A44)-'Picks Detail'!E166)<ABS(INDEX('Picks Detail'!F166:Q166,1,D44)-'Picks Detail'!E166),"W",IF(ABS(INDEX('Picks Detail'!F166:Q166,1,A44)-'Picks Detail'!E166)>ABS(INDEX('Picks Detail'!F166:Q166,1,D44)-'Picks Detail'!E166),"L","T")),"T")))) -> - | G44: =IF(F44="W",10,IF(F44="T",5,0)) -> 0 | H44: =IF(C44="",0,C44) -> 0 | I44: =G44+H44 -> 0
A45: 10 | B45: =Roster!B12 -> Zach Zarra | C45: =SUMPRODUCT(('Picks Detail'!O151:O165<>"")*('Picks Detail'!E151:E165<>"")*('Picks Detail'!O151:O165='Picks Detail'!E151:E165)*('Picks Detail'!AB151:AB165)) -> 0 | D45: 3 | E45: =IFERROR(INDEX(C$36:C$47,MATCH(3,A$36:A$47,0)),0) -> 0 | F45: =IF(C45=0,"-",IF(C45>E45,"W",IF(C45<E45,"L",IF(AND('Picks Detail'!E166<>"",INDEX('Picks Detail'!F166:Q166,1,A45)<>"",INDEX('Picks Detail'!F166:Q166,1,D45)<>""),IF(ABS(INDEX('Picks Detail'!F166:Q166,1,A45)-'Picks Detail'!E166)<ABS(INDEX('Picks Detail'!F166:Q166,1,D45)-'Picks Detail'!E166),"W",IF(ABS(INDEX('Picks Detail'!F166:Q166,1,A45)-'Picks Detail'!E166)>ABS(INDEX('Picks Detail'!F166:Q166,1,D45)-'Picks Detail'!E166),"L","T")),"T")))) -> - | G45: =IF(F45="W",10,IF(F45="T",5,0)) -> 0 | H45: =IF(C45="",0,C45) -> 0 | I45: =G45+H45 -> 0
A46: 11 | B46: =Roster!B13 -> Jeffrey Loeser | C46: =SUMPRODUCT(('Picks Detail'!P151:P165<>"")*('Picks Detail'!E151:E165<>"")*('Picks Detail'!P151:P165='Picks Detail'!E151:E165)*('Picks Detail'!AC151:AC165)) -> 0 | D46: 8 | E46: =IFERROR(INDEX(C$36:C$47,MATCH(8,A$36:A$47,0)),0) -> 0 | F46: =IF(C46=0,"-",IF(C46>E46,"W",IF(C46<E46,"L",IF(AND('Picks Detail'!E166<>"",INDEX('Picks Detail'!F166:Q166,1,A46)<>"",INDEX('Picks Detail'!F166:Q166,1,D46)<>""),IF(ABS(INDEX('Picks Detail'!F166:Q166,1,A46)-'Picks Detail'!E166)<ABS(INDEX('Picks Detail'!F166:Q166,1,D46)-'Picks Detail'!E166),"W",IF(ABS(INDEX('Picks Detail'!F166:Q166,1,A46)-'Picks Detail'!E166)>ABS(INDEX('Picks Detail'!F166:Q166,1,D46)-'Picks Detail'!E166),"L","T")),"T")))) -> - | G46: =IF(F46="W",10,IF(F46="T",5,0)) -> 0 | H46: =IF(C46="",0,C46) -> 0 | I46: =G46+H46 -> 0
A47: 12 | B47: =Roster!B14 -> Jake Andrews | C47: =SUMPRODUCT(('Picks Detail'!Q151:Q165<>"")*('Picks Detail'!E151:E165<>"")*('Picks Detail'!Q151:Q165='Picks Detail'!E151:E165)*('Picks Detail'!AD151:AD165)) -> 0 | D47: 7 | E47: =IFERROR(INDEX(C$36:C$47,MATCH(7,A$36:A$47,0)),0) -> 0 | F47: =IF(C47=0,"-",IF(C47>E47,"W",IF(C47<E47,"L",IF(AND('Picks Detail'!E166<>"",INDEX('Picks Detail'!F166:Q166,1,A47)<>"",INDEX('Picks Detail'!F166:Q166,1,D47)<>""),IF(ABS(INDEX('Picks Detail'!F166:Q166,1,A47)-'Picks Detail'!E166)<ABS(INDEX('Picks Detail'!F166:Q166,1,D47)-'Picks Detail'!E166),"W",IF(ABS(INDEX('Picks Detail'!F166:Q166,1,A47)-'Picks Detail'!E166)>ABS(INDEX('Picks Detail'!F166:Q166,1,D47)-'Picks Detail'!E166),"L","T")),"T")))) -> - | G47: =IF(F47="W",10,IF(F47="T",5,0)) -> 0 | H47: =IF(C47="",0,C47) -> 0 | I47: =G47+H47 -> 0
A49: WEEK 10
A50: Player # | B50: Player Name | C50: Weighted Pts | D50: H2H Opp | E50: Opp Wtd Pts | F50: H2H Result | G50: H2H Pts | H50: Pick Pts | I50: Week Total
A51: 1 | B51: =Roster!B3 -> Evan Loeser | C51: =SUMPRODUCT(('Picks Detail'!F169:F182<>"")*('Picks Detail'!E169:E182<>"")*('Picks Detail'!F169:F182='Picks Detail'!E169:E182)*('Picks Detail'!S169:S182)) -> 0 | D51: 7 | E51: =IFERROR(INDEX(C$51:C$62,MATCH(7,A$51:A$62,0)),0) -> 0 | F51: =IF(C51=0,"-",IF(C51>E51,"W",IF(C51<E51,"L",IF(AND('Picks Detail'!E183<>"",INDEX('Picks Detail'!F183:Q183,1,A51)<>"",INDEX('Picks Detail'!F183:Q183,1,D51)<>""),IF(ABS(INDEX('Picks Detail'!F183:Q183,1,A51)-'Picks Detail'!E183)<ABS(INDEX('Picks Detail'!F183:Q183,1,D51)-'Picks Detail'!E183),"W",IF(ABS(INDEX('Picks Detail'!F183:Q183,1,A51)-'Picks Detail'!E183)>ABS(INDEX('Picks Detail'!F183:Q183,1,D51)-'Picks Detail'!E183),"L","T")),"T")))) -> - | G51: =IF(F51="W",10,IF(F51="T",5,0)) -> 0 | H51: =IF(C51="",0,C51) -> 0 | I51: =G51+H51 -> 0
A52: 2 | B52: =Roster!B4 -> Chris Simmons | C52: =SUMPRODUCT(('Picks Detail'!G169:G182<>"")*('Picks Detail'!E169:E182<>"")*('Picks Detail'!G169:G182='Picks Detail'!E169:E182)*('Picks Detail'!T169:T182)) -> 0 | D52: 8 | E52: =IFERROR(INDEX(C$51:C$62,MATCH(8,A$51:A$62,0)),0) -> 0 | F52: =IF(C52=0,"-",IF(C52>E52,"W",IF(C52<E52,"L",IF(AND('Picks Detail'!E183<>"",INDEX('Picks Detail'!F183:Q183,1,A52)<>"",INDEX('Picks Detail'!F183:Q183,1,D52)<>""),IF(ABS(INDEX('Picks Detail'!F183:Q183,1,A52)-'Picks Detail'!E183)<ABS(INDEX('Picks Detail'!F183:Q183,1,D52)-'Picks Detail'!E183),"W",IF(ABS(INDEX('Picks Detail'!F183:Q183,1,A52)-'Picks Detail'!E183)>ABS(INDEX('Picks Detail'!F183:Q183,1,D52)-'Picks Detail'!E183),"L","T")),"T")))) -> - | G52: =IF(F52="W",10,IF(F52="T",5,0)) -> 0 | H52: =IF(C52="",0,C52) -> 0 | I52: =G52+H52 -> 0
A53: 3 | B53: =Roster!B5 -> Jack Smith | C53: =SUMPRODUCT(('Picks Detail'!H169:H182<>"")*('Picks Detail'!E169:E182<>"")*('Picks Detail'!H169:H182='Picks Detail'!E169:E182)*('Picks Detail'!U169:U182)) -> 0 | D53: 12 | E53: =IFERROR(INDEX(C$51:C$62,MATCH(12,A$51:A$62,0)),0) -> 0 | F53: =IF(C53=0,"-",IF(C53>E53,"W",IF(C53<E53,"L",IF(AND('Picks Detail'!E183<>"",INDEX('Picks Detail'!F183:Q183,1,A53)<>"",INDEX('Picks Detail'!F183:Q183,1,D53)<>""),IF(ABS(INDEX('Picks Detail'!F183:Q183,1,A53)-'Picks Detail'!E183)<ABS(INDEX('Picks Detail'!F183:Q183,1,D53)-'Picks Detail'!E183),"W",IF(ABS(INDEX('Picks Detail'!F183:Q183,1,A53)-'Picks Detail'!E183)>ABS(INDEX('Picks Detail'!F183:Q183,1,D53)-'Picks Detail'!E183),"L","T")),"T")))) -> - | G53: =IF(F53="W",10,IF(F53="T",5,0)) -> 0 | H53: =IF(C53="",0,C53) -> 0 | I53: =G53+H53 -> 0
A54: 4 | B54: =Roster!B6 -> Luke Ussery | C54: =SUMPRODUCT(('Picks Detail'!I169:I182<>"")*('Picks Detail'!E169:E182<>"")*('Picks Detail'!I169:I182='Picks Detail'!E169:E182)*('Picks Detail'!V169:V182)) -> 0 | D54: 11 | E54: =IFERROR(INDEX(C$51:C$62,MATCH(11,A$51:A$62,0)),0) -> 0 | F54: =IF(C54=0,"-",IF(C54>E54,"W",IF(C54<E54,"L",IF(AND('Picks Detail'!E183<>"",INDEX('Picks Detail'!F183:Q183,1,A54)<>"",INDEX('Picks Detail'!F183:Q183,1,D54)<>""),IF(ABS(INDEX('Picks Detail'!F183:Q183,1,A54)-'Picks Detail'!E183)<ABS(INDEX('Picks Detail'!F183:Q183,1,D54)-'Picks Detail'!E183),"W",IF(ABS(INDEX('Picks Detail'!F183:Q183,1,A54)-'Picks Detail'!E183)>ABS(INDEX('Picks Detail'!F183:Q183,1,D54)-'Picks Detail'!E183),"L","T")),"T")))) -> - | G54: =IF(F54="W",10,IF(F54="T",5,0)) -> 0 | H54: =IF(C54="",0,C54) -> 0 | I54: =G54+H54 -> 0
A55: 5 | B55: =Roster!B7 -> Mikayla Simmons | C55: =SUMPRODUCT(('Picks Detail'!J169:J182<>"")*('Picks Detail'!E169:E182<>"")*('Picks Detail'!J169:J182='Picks Detail'!E169:E182)*('Picks Detail'!W169:W182)) -> 0 | D55: 10 | E55: =IFERROR(INDEX(C$51:C$62,MATCH(10,A$51:A$62,0)),0) -> 0 | F55: =IF(C55=0,"-",IF(C55>E55,"W",IF(C55<E55,"L",IF(AND('Picks Detail'!E183<>"",INDEX('Picks Detail'!F183:Q183,1,A55)<>"",INDEX('Picks Detail'!F183:Q183,1,D55)<>""),IF(ABS(INDEX('Picks Detail'!F183:Q183,1,A55)-'Picks Detail'!E183)<ABS(INDEX('Picks Detail'!F183:Q183,1,D55)-'Picks Detail'!E183),"W",IF(ABS(INDEX('Picks Detail'!F183:Q183,1,A55)-'Picks Detail'!E183)>ABS(INDEX('Picks Detail'!F183:Q183,1,D55)-'Picks Detail'!E183),"L","T")),"T")))) -> - | G55: =IF(F55="W",10,IF(F55="T",5,0)) -> 0 | H55: =IF(C55="",0,C55) -> 0 | I55: =G55+H55 -> 0
A56: 6 | B56: =Roster!B8 -> Alan Loeser | C56: =SUMPRODUCT(('Picks Detail'!K169:K182<>"")*('Picks Detail'!E169:E182<>"")*('Picks Detail'!K169:K182='Picks Detail'!E169:E182)*('Picks Detail'!X169:X182)) -> 0 | D56: 9 | E56: =IFERROR(INDEX(C$51:C$62,MATCH(9,A$51:A$62,0)),0) -> 0 | F56: =IF(C56=0,"-",IF(C56>E56,"W",IF(C56<E56,"L",IF(AND('Picks Detail'!E183<>"",INDEX('Picks Detail'!F183:Q183,1,A56)<>"",INDEX('Picks Detail'!F183:Q183,1,D56)<>""),IF(ABS(INDEX('Picks Detail'!F183:Q183,1,A56)-'Picks Detail'!E183)<ABS(INDEX('Picks Detail'!F183:Q183,1,D56)-'Picks Detail'!E183),"W",IF(ABS(INDEX('Picks Detail'!F183:Q183,1,A56)-'Picks Detail'!E183)>ABS(INDEX('Picks Detail'!F183:Q183,1,D56)-'Picks Detail'!E183),"L","T")),"T")))) -> - | G56: =IF(F56="W",10,IF(F56="T",5,0)) -> 0 | H56: =IF(C56="",0,C56) -> 0 | I56: =G56+H56 -> 0
A57: 7 | B57: =Roster!B9 -> Caleb Simmons | C57: =SUMPRODUCT(('Picks Detail'!L169:L182<>"")*('Picks Detail'!E169:E182<>"")*('Picks Detail'!L169:L182='Picks Detail'!E169:E182)*('Picks Detail'!Y169:Y182)) -> 0 | D57: 1 | E57: =IFERROR(INDEX(C$51:C$62,MATCH(1,A$51:A$62,0)),0) -> 0 | F57: =IF(C57=0,"-",IF(C57>E57,"W",IF(C57<E57,"L",IF(AND('Picks Detail'!E183<>"",INDEX('Picks Detail'!F183:Q183,1,A57)<>"",INDEX('Picks Detail'!F183:Q183,1,D57)<>""),IF(ABS(INDEX('Picks Detail'!F183:Q183,1,A57)-'Picks Detail'!E183)<ABS(INDEX('Picks Detail'!F183:Q183,1,D57)-'Picks Detail'!E183),"W",IF(ABS(INDEX('Picks Detail'!F183:Q183,1,A57)-'Picks Detail'!E183)>ABS(INDEX('Picks Detail'!F183:Q183,1,D57)-'Picks Detail'!E183),"L","T")),"T")))) -> - | G57: =IF(F57="W",10,IF(F57="T",5,0)) -> 0 | H57: =IF(C57="",0,C57) -> 0 | I57: =G57+H57 -> 0
A58: 8 | B58: =Roster!B10 -> Larry Loeser | C58: =SUMPRODUCT(('Picks Detail'!M169:M182<>"")*('Picks Detail'!E169:E182<>"")*('Picks Detail'!M169:M182='Picks Detail'!E169:E182)*('Picks Detail'!Z169:Z182)) -> 0 | D58: 2 | E58: =IFERROR(INDEX(C$51:C$62,MATCH(2,A$51:A$62,0)),0) -> 0 | F58: =IF(C58=0,"-",IF(C58>E58,"W",IF(C58<E58,"L",IF(AND('Picks Detail'!E183<>"",INDEX('Picks Detail'!F183:Q183,1,A58)<>"",INDEX('Picks Detail'!F183:Q183,1,D58)<>""),IF(ABS(INDEX('Picks Detail'!F183:Q183,1,A58)-'Picks Detail'!E183)<ABS(INDEX('Picks Detail'!F183:Q183,1,D58)-'Picks Detail'!E183),"W",IF(ABS(INDEX('Picks Detail'!F183:Q183,1,A58)-'Picks Detail'!E183)>ABS(INDEX('Picks Detail'!F183:Q183,1,D58)-'Picks Detail'!E183),"L","T")),"T")))) -> - | G58: =IF(F58="W",10,IF(F58="T",5,0)) -> 0 | H58: =IF(C58="",0,C58) -> 0 | I58: =G58+H58 -> 0
A59: 9 | B59: =Roster!B11 -> Daddy Michael | C59: =SUMPRODUCT(('Picks Detail'!N169:N182<>"")*('Picks Detail'!E169:E182<>"")*('Picks Detail'!N169:N182='Picks Detail'!E169:E182)*('Picks Detail'!AA169:AA182)) -> 0 | D59: 6 | E59: =IFERROR(INDEX(C$51:C$62,MATCH(6,A$51:A$62,0)),0) -> 0 | F59: =IF(C59=0,"-",IF(C59>E59,"W",IF(C59<E59,"L",IF(AND('Picks Detail'!E183<>"",INDEX('Picks Detail'!F183:Q183,1,A59)<>"",INDEX('Picks Detail'!F183:Q183,1,D59)<>""),IF(ABS(INDEX('Picks Detail'!F183:Q183,1,A59)-'Picks Detail'!E183)<ABS(INDEX('Picks Detail'!F183:Q183,1,D59)-'Picks Detail'!E183),"W",IF(ABS(INDEX('Picks Detail'!F183:Q183,1,A59)-'Picks Detail'!E183)>ABS(INDEX('Picks Detail'!F183:Q183,1,D59)-'Picks Detail'!E183),"L","T")),"T")))) -> - | G59: =IF(F59="W",10,IF(F59="T",5,0)) -> 0 | H59: =IF(C59="",0,C59) -> 0 | I59: =G59+H59 -> 0
A60: 10 | B60: =Roster!B12 -> Zach Zarra | C60: =SUMPRODUCT(('Picks Detail'!O169:O182<>"")*('Picks Detail'!E169:E182<>"")*('Picks Detail'!O169:O182='Picks Detail'!E169:E182)*('Picks Detail'!AB169:AB182)) -> 0 | D60: 5 | E60: =IFERROR(INDEX(C$51:C$62,MATCH(5,A$51:A$62,0)),0) -> 0 | F60: =IF(C60=0,"-",IF(C60>E60,"W",IF(C60<E60,"L",IF(AND('Picks Detail'!E183<>"",INDEX('Picks Detail'!F183:Q183,1,A60)<>"",INDEX('Picks Detail'!F183:Q183,1,D60)<>""),IF(ABS(INDEX('Picks Detail'!F183:Q183,1,A60)-'Picks Detail'!E183)<ABS(INDEX('Picks Detail'!F183:Q183,1,D60)-'Picks Detail'!E183),"W",IF(ABS(INDEX('Picks Detail'!F183:Q183,1,A60)-'Picks Detail'!E183)>ABS(INDEX('Picks Detail'!F183:Q183,1,D60)-'Picks Detail'!E183),"L","T")),"T")))) -> - | G60: =IF(F60="W",10,IF(F60="T",5,0)) -> 0 | H60: =IF(C60="",0,C60) -> 0 | I60: =G60+H60 -> 0
A61: 11 | B61: =Roster!B13 -> Jeffrey Loeser | C61: =SUMPRODUCT(('Picks Detail'!P169:P182<>"")*('Picks Detail'!E169:E182<>"")*('Picks Detail'!P169:P182='Picks Detail'!E169:E182)*('Picks Detail'!AC169:AC182)) -> 0 | D61: 4 | E61: =IFERROR(INDEX(C$51:C$62,MATCH(4,A$51:A$62,0)),0) -> 0 | F61: =IF(C61=0,"-",IF(C61>E61,"W",IF(C61<E61,"L",IF(AND('Picks Detail'!E183<>"",INDEX('Picks Detail'!F183:Q183,1,A61)<>"",INDEX('Picks Detail'!F183:Q183,1,D61)<>""),IF(ABS(INDEX('Picks Detail'!F183:Q183,1,A61)-'Picks Detail'!E183)<ABS(INDEX('Picks Detail'!F183:Q183,1,D61)-'Picks Detail'!E183),"W",IF(ABS(INDEX('Picks Detail'!F183:Q183,1,A61)-'Picks Detail'!E183)>ABS(INDEX('Picks Detail'!F183:Q183,1,D61)-'Picks Detail'!E183),"L","T")),"T")))) -> - | G61: =IF(F61="W",10,IF(F61="T",5,0)) -> 0 | H61: =IF(C61="",0,C61) -> 0 | I61: =G61+H61 -> 0
A62: 12 | B62: =Roster!B14 -> Jake Andrews | C62: =SUMPRODUCT(('Picks Detail'!Q169:Q182<>"")*('Picks Detail'!E169:E182<>"")*('Picks Detail'!Q169:Q182='Picks Detail'!E169:E182)*('Picks Detail'!AD169:AD182)) -> 0 | D62: 3 | E62: =IFERROR(INDEX(C$51:C$62,MATCH(3,A$51:A$62,0)),0) -> 0 | F62: =IF(C62=0,"-",IF(C62>E62,"W",IF(C62<E62,"L",IF(AND('Picks Detail'!E183<>"",INDEX('Picks Detail'!F183:Q183,1,A62)<>"",INDEX('Picks Detail'!F183:Q183,1,D62)<>""),IF(ABS(INDEX('Picks Detail'!F183:Q183,1,A62)-'Picks Detail'!E183)<ABS(INDEX('Picks Detail'!F183:Q183,1,D62)-'Picks Detail'!E183),"W",IF(ABS(INDEX('Picks Detail'!F183:Q183,1,A62)-'Picks Detail'!E183)>ABS(INDEX('Picks Detail'!F183:Q183,1,D62)-'Picks Detail'!E183),"L","T")),"T")))) -> - | G62: =IF(F62="W",10,IF(F62="T",5,0)) -> 0 | H62: =IF(C62="",0,C62) -> 0 | I62: =G62+H62 -> 0
A64: WEEK 11
A65: Player # | B65: Player Name | C65: Weighted Pts | D65: H2H Opp | E65: Opp Wtd Pts | F65: H2H Result | G65: H2H Pts | H65: Pick Pts | I65: Week Total
A66: 1 | B66: =Roster!B3 -> Evan Loeser | C66: =SUMPRODUCT(('Picks Detail'!F186:F198<>"")*('Picks Detail'!E186:E198<>"")*('Picks Detail'!F186:F198='Picks Detail'!E186:E198)*('Picks Detail'!S186:S198)) -> 0 | D66: 10 | E66: =IFERROR(INDEX(C$66:C$77,MATCH(10,A$66:A$77,0)),0) -> 0 | F66: =IF(C66=0,"-",IF(C66>E66,"W",IF(C66<E66,"L",IF(AND('Picks Detail'!E199<>"",INDEX('Picks Detail'!F199:Q199,1,A66)<>"",INDEX('Picks Detail'!F199:Q199,1,D66)<>""),IF(ABS(INDEX('Picks Detail'!F199:Q199,1,A66)-'Picks Detail'!E199)<ABS(INDEX('Picks Detail'!F199:Q199,1,D66)-'Picks Detail'!E199),"W",IF(ABS(INDEX('Picks Detail'!F199:Q199,1,A66)-'Picks Detail'!E199)>ABS(INDEX('Picks Detail'!F199:Q199,1,D66)-'Picks Detail'!E199),"L","T")),"T")))) -> - | G66: =IF(F66="W",10,IF(F66="T",5,0)) -> 0 | H66: =IF(C66="",0,C66) -> 0 | I66: =G66+H66 -> 0
A67: 2 | B67: =Roster!B4 -> Chris Simmons | C67: =SUMPRODUCT(('Picks Detail'!G186:G198<>"")*('Picks Detail'!E186:E198<>"")*('Picks Detail'!G186:G198='Picks Detail'!E186:E198)*('Picks Detail'!T186:T198)) -> 0 | D67: 9 | E67: =IFERROR(INDEX(C$66:C$77,MATCH(9,A$66:A$77,0)),0) -> 0 | F67: =IF(C67=0,"-",IF(C67>E67,"W",IF(C67<E67,"L",IF(AND('Picks Detail'!E199<>"",INDEX('Picks Detail'!F199:Q199,1,A67)<>"",INDEX('Picks Detail'!F199:Q199,1,D67)<>""),IF(ABS(INDEX('Picks Detail'!F199:Q199,1,A67)-'Picks Detail'!E199)<ABS(INDEX('Picks Detail'!F199:Q199,1,D67)-'Picks Detail'!E199),"W",IF(ABS(INDEX('Picks Detail'!F199:Q199,1,A67)-'Picks Detail'!E199)>ABS(INDEX('Picks Detail'!F199:Q199,1,D67)-'Picks Detail'!E199),"L","T")),"T")))) -> - | G67: =IF(F67="W",10,IF(F67="T",5,0)) -> 0 | H67: =IF(C67="",0,C67) -> 0 | I67: =G67+H67 -> 0
A68: 3 | B68: =Roster!B5 -> Jack Smith | C68: =SUMPRODUCT(('Picks Detail'!H186:H198<>"")*('Picks Detail'!E186:E198<>"")*('Picks Detail'!H186:H198='Picks Detail'!E186:E198)*('Picks Detail'!U186:U198)) -> 0 | D68: 5 | E68: =IFERROR(INDEX(C$66:C$77,MATCH(5,A$66:A$77,0)),0) -> 0 | F68: =IF(C68=0,"-",IF(C68>E68,"W",IF(C68<E68,"L",IF(AND('Picks Detail'!E199<>"",INDEX('Picks Detail'!F199:Q199,1,A68)<>"",INDEX('Picks Detail'!F199:Q199,1,D68)<>""),IF(ABS(INDEX('Picks Detail'!F199:Q199,1,A68)-'Picks Detail'!E199)<ABS(INDEX('Picks Detail'!F199:Q199,1,D68)-'Picks Detail'!E199),"W",IF(ABS(INDEX('Picks Detail'!F199:Q199,1,A68)-'Picks Detail'!E199)>ABS(INDEX('Picks Detail'!F199:Q199,1,D68)-'Picks Detail'!E199),"L","T")),"T")))) -> - | G68: =IF(F68="W",10,IF(F68="T",5,0)) -> 0 | H68: =IF(C68="",0,C68) -> 0 | I68: =G68+H68 -> 0
A69: 4 | B69: =Roster!B6 -> Luke Ussery | C69: =SUMPRODUCT(('Picks Detail'!I186:I198<>"")*('Picks Detail'!E186:E198<>"")*('Picks Detail'!I186:I198='Picks Detail'!E186:E198)*('Picks Detail'!V186:V198)) -> 0 | D69: 6 | E69: =IFERROR(INDEX(C$66:C$77,MATCH(6,A$66:A$77,0)),0) -> 0 | F69: =IF(C69=0,"-",IF(C69>E69,"W",IF(C69<E69,"L",IF(AND('Picks Detail'!E199<>"",INDEX('Picks Detail'!F199:Q199,1,A69)<>"",INDEX('Picks Detail'!F199:Q199,1,D69)<>""),IF(ABS(INDEX('Picks Detail'!F199:Q199,1,A69)-'Picks Detail'!E199)<ABS(INDEX('Picks Detail'!F199:Q199,1,D69)-'Picks Detail'!E199),"W",IF(ABS(INDEX('Picks Detail'!F199:Q199,1,A69)-'Picks Detail'!E199)>ABS(INDEX('Picks Detail'!F199:Q199,1,D69)-'Picks Detail'!E199),"L","T")),"T")))) -> - | G69: =IF(F69="W",10,IF(F69="T",5,0)) -> 0 | H69: =IF(C69="",0,C69) -> 0 | I69: =G69+H69 -> 0
A70: 5 | B70: =Roster!B7 -> Mikayla Simmons | C70: =SUMPRODUCT(('Picks Detail'!J186:J198<>"")*('Picks Detail'!E186:E198<>"")*('Picks Detail'!J186:J198='Picks Detail'!E186:E198)*('Picks Detail'!W186:W198)) -> 0 | D70: 3 | E70: =IFERROR(INDEX(C$66:C$77,MATCH(3,A$66:A$77,0)),0) -> 0 | F70: =IF(C70=0,"-",IF(C70>E70,"W",IF(C70<E70,"L",IF(AND('Picks Detail'!E199<>"",INDEX('Picks Detail'!F199:Q199,1,A70)<>"",INDEX('Picks Detail'!F199:Q199,1,D70)<>""),IF(ABS(INDEX('Picks Detail'!F199:Q199,1,A70)-'Picks Detail'!E199)<ABS(INDEX('Picks Detail'!F199:Q199,1,D70)-'Picks Detail'!E199),"W",IF(ABS(INDEX('Picks Detail'!F199:Q199,1,A70)-'Picks Detail'!E199)>ABS(INDEX('Picks Detail'!F199:Q199,1,D70)-'Picks Detail'!E199),"L","T")),"T")))) -> - | G70: =IF(F70="W",10,IF(F70="T",5,0)) -> 0 | H70: =IF(C70="",0,C70) -> 0 | I70: =G70+H70 -> 0
A71: 6 | B71: =Roster!B8 -> Alan Loeser | C71: =SUMPRODUCT(('Picks Detail'!K186:K198<>"")*('Picks Detail'!E186:E198<>"")*('Picks Detail'!K186:K198='Picks Detail'!E186:E198)*('Picks Detail'!X186:X198)) -> 0 | D71: 4 | E71: =IFERROR(INDEX(C$66:C$77,MATCH(4,A$66:A$77,0)),0) -> 0 | F71: =IF(C71=0,"-",IF(C71>E71,"W",IF(C71<E71,"L",IF(AND('Picks Detail'!E199<>"",INDEX('Picks Detail'!F199:Q199,1,A71)<>"",INDEX('Picks Detail'!F199:Q199,1,D71)<>""),IF(ABS(INDEX('Picks Detail'!F199:Q199,1,A71)-'Picks Detail'!E199)<ABS(INDEX('Picks Detail'!F199:Q199,1,D71)-'Picks Detail'!E199),"W",IF(ABS(INDEX('Picks Detail'!F199:Q199,1,A71)-'Picks Detail'!E199)>ABS(INDEX('Picks Detail'!F199:Q199,1,D71)-'Picks Detail'!E199),"L","T")),"T")))) -> - | G71: =IF(F71="W",10,IF(F71="T",5,0)) -> 0 | H71: =IF(C71="",0,C71) -> 0 | I71: =G71+H71 -> 0
A72: 7 | B72: =Roster!B9 -> Caleb Simmons | C72: =SUMPRODUCT(('Picks Detail'!L186:L198<>"")*('Picks Detail'!E186:E198<>"")*('Picks Detail'!L186:L198='Picks Detail'!E186:E198)*('Picks Detail'!Y186:Y198)) -> 0 | D72: 11 | E72: =IFERROR(INDEX(C$66:C$77,MATCH(11,A$66:A$77,0)),0) -> 0 | F72: =IF(C72=0,"-",IF(C72>E72,"W",IF(C72<E72,"L",IF(AND('Picks Detail'!E199<>"",INDEX('Picks Detail'!F199:Q199,1,A72)<>"",INDEX('Picks Detail'!F199:Q199,1,D72)<>""),IF(ABS(INDEX('Picks Detail'!F199:Q199,1,A72)-'Picks Detail'!E199)<ABS(INDEX('Picks Detail'!F199:Q199,1,D72)-'Picks Detail'!E199),"W",IF(ABS(INDEX('Picks Detail'!F199:Q199,1,A72)-'Picks Detail'!E199)>ABS(INDEX('Picks Detail'!F199:Q199,1,D72)-'Picks Detail'!E199),"L","T")),"T")))) -> - | G72: =IF(F72="W",10,IF(F72="T",5,0)) -> 0 | H72: =IF(C72="",0,C72) -> 0 | I72: =G72+H72 -> 0
A73: 8 | B73: =Roster!B10 -> Larry Loeser | C73: =SUMPRODUCT(('Picks Detail'!M186:M198<>"")*('Picks Detail'!E186:E198<>"")*('Picks Detail'!M186:M198='Picks Detail'!E186:E198)*('Picks Detail'!Z186:Z198)) -> 0 | D73: 12 | E73: =IFERROR(INDEX(C$66:C$77,MATCH(12,A$66:A$77,0)),0) -> 0 | F73: =IF(C73=0,"-",IF(C73>E73,"W",IF(C73<E73,"L",IF(AND('Picks Detail'!E199<>"",INDEX('Picks Detail'!F199:Q199,1,A73)<>"",INDEX('Picks Detail'!F199:Q199,1,D73)<>""),IF(ABS(INDEX('Picks Detail'!F199:Q199,1,A73)-'Picks Detail'!E199)<ABS(INDEX('Picks Detail'!F199:Q199,1,D73)-'Picks Detail'!E199),"W",IF(ABS(INDEX('Picks Detail'!F199:Q199,1,A73)-'Picks Detail'!E199)>ABS(INDEX('Picks Detail'!F199:Q199,1,D73)-'Picks Detail'!E199),"L","T")),"T")))) -> - | G73: =IF(F73="W",10,IF(F73="T",5,0)) -> 0 | H73: =IF(C73="",0,C73) -> 0 | I73: =G73+H73 -> 0
A74: 9 | B74: =Roster!B11 -> Daddy Michael | C74: =SUMPRODUCT(('Picks Detail'!N186:N198<>"")*('Picks Detail'!E186:E198<>"")*('Picks Detail'!N186:N198='Picks Detail'!E186:E198)*('Picks Detail'!AA186:AA198)) -> 0 | D74: 2 | E74: =IFERROR(INDEX(C$66:C$77,MATCH(2,A$66:A$77,0)),0) -> 0 | F74: =IF(C74=0,"-",IF(C74>E74,"W",IF(C74<E74,"L",IF(AND('Picks Detail'!E199<>"",INDEX('Picks Detail'!F199:Q199,1,A74)<>"",INDEX('Picks Detail'!F199:Q199,1,D74)<>""),IF(ABS(INDEX('Picks Detail'!F199:Q199,1,A74)-'Picks Detail'!E199)<ABS(INDEX('Picks Detail'!F199:Q199,1,D74)-'Picks Detail'!E199),"W",IF(ABS(INDEX('Picks Detail'!F199:Q199,1,A74)-'Picks Detail'!E199)>ABS(INDEX('Picks Detail'!F199:Q199,1,D74)-'Picks Detail'!E199),"L","T")),"T")))) -> - | G74: =IF(F74="W",10,IF(F74="T",5,0)) -> 0 | H74: =IF(C74="",0,C74) -> 0 | I74: =G74+H74 -> 0
A75: 10 | B75: =Roster!B12 -> Zach Zarra | C75: =SUMPRODUCT(('Picks Detail'!O186:O198<>"")*('Picks Detail'!E186:E198<>"")*('Picks Detail'!O186:O198='Picks Detail'!E186:E198)*('Picks Detail'!AB186:AB198)) -> 0 | D75: 1 | E75: =IFERROR(INDEX(C$66:C$77,MATCH(1,A$66:A$77,0)),0) -> 0 | F75: =IF(C75=0,"-",IF(C75>E75,"W",IF(C75<E75,"L",IF(AND('Picks Detail'!E199<>"",INDEX('Picks Detail'!F199:Q199,1,A75)<>"",INDEX('Picks Detail'!F199:Q199,1,D75)<>""),IF(ABS(INDEX('Picks Detail'!F199:Q199,1,A75)-'Picks Detail'!E199)<ABS(INDEX('Picks Detail'!F199:Q199,1,D75)-'Picks Detail'!E199),"W",IF(ABS(INDEX('Picks Detail'!F199:Q199,1,A75)-'Picks Detail'!E199)>ABS(INDEX('Picks Detail'!F199:Q199,1,D75)-'Picks Detail'!E199),"L","T")),"T")))) -> - | G75: =IF(F75="W",10,IF(F75="T",5,0)) -> 0 | H75: =IF(C75="",0,C75) -> 0 | I75: =G75+H75 -> 0
A76: 11 | B76: =Roster!B13 -> Jeffrey Loeser | C76: =SUMPRODUCT(('Picks Detail'!P186:P198<>"")*('Picks Detail'!E186:E198<>"")*('Picks Detail'!P186:P198='Picks Detail'!E186:E198)*('Picks Detail'!AC186:AC198)) -> 0 | D76: 7 | E76: =IFERROR(INDEX(C$66:C$77,MATCH(7,A$66:A$77,0)),0) -> 0 | F76: =IF(C76=0,"-",IF(C76>E76,"W",IF(C76<E76,"L",IF(AND('Picks Detail'!E199<>"",INDEX('Picks Detail'!F199:Q199,1,A76)<>"",INDEX('Picks Detail'!F199:Q199,1,D76)<>""),IF(ABS(INDEX('Picks Detail'!F199:Q199,1,A76)-'Picks Detail'!E199)<ABS(INDEX('Picks Detail'!F199:Q199,1,D76)-'Picks Detail'!E199),"W",IF(ABS(INDEX('Picks Detail'!F199:Q199,1,A76)-'Picks Detail'!E199)>ABS(INDEX('Picks Detail'!F199:Q199,1,D76)-'Picks Detail'!E199),"L","T")),"T")))) -> - | G76: =IF(F76="W",10,IF(F76="T",5,0)) -> 0 | H76: =IF(C76="",0,C76) -> 0 | I76: =G76+H76 -> 0
A77: 12 | B77: =Roster!B14 -> Jake Andrews | C77: =SUMPRODUCT(('Picks Detail'!Q186:Q198<>"")*('Picks Detail'!E186:E198<>"")*('Picks Detail'!Q186:Q198='Picks Detail'!E186:E198)*('Picks Detail'!AD186:AD198)) -> 0 | D77: 8 | E77: =IFERROR(INDEX(C$66:C$77,MATCH(8,A$66:A$77,0)),0) -> 0 | F77: =IF(C77=0,"-",IF(C77>E77,"W",IF(C77<E77,"L",IF(AND('Picks Detail'!E199<>"",INDEX('Picks Detail'!F199:Q199,1,A77)<>"",INDEX('Picks Detail'!F199:Q199,1,D77)<>""),IF(ABS(INDEX('Picks Detail'!F199:Q199,1,A77)-'Picks Detail'!E199)<ABS(INDEX('Picks Detail'!F199:Q199,1,D77)-'Picks Detail'!E199),"W",IF(ABS(INDEX('Picks Detail'!F199:Q199,1,A77)-'Picks Detail'!E199)>ABS(INDEX('Picks Detail'!F199:Q199,1,D77)-'Picks Detail'!E199),"L","T")),"T")))) -> - | G77: =IF(F77="W",10,IF(F77="T",5,0)) -> 0 | H77: =IF(C77="",0,C77) -> 0 | I77: =G77+H77 -> 0
A79: WEEK 12
A80: Player # | B80: Player Name | C80: Weighted Pts | D80: H2H Opp | E80: Opp Wtd Pts | F80: H2H Result | G80: H2H Pts | H80: Pick Pts | I80: Week Total
A81: 1 | B81: =Roster!B3 -> Evan Loeser | C81: =SUMPRODUCT(('Picks Detail'!F202:F217<>"")*('Picks Detail'!E202:E217<>"")*('Picks Detail'!F202:F217='Picks Detail'!E202:E217)*('Picks Detail'!S202:S217)) -> 0 | D81: 6 | E81: =IFERROR(INDEX(C$81:C$92,MATCH(6,A$81:A$92,0)),0) -> 0 | F81: =IF(C81=0,"-",IF(C81>E81,"W",IF(C81<E81,"L",IF(AND('Picks Detail'!E218<>"",INDEX('Picks Detail'!F218:Q218,1,A81)<>"",INDEX('Picks Detail'!F218:Q218,1,D81)<>""),IF(ABS(INDEX('Picks Detail'!F218:Q218,1,A81)-'Picks Detail'!E218)<ABS(INDEX('Picks Detail'!F218:Q218,1,D81)-'Picks Detail'!E218),"W",IF(ABS(INDEX('Picks Detail'!F218:Q218,1,A81)-'Picks Detail'!E218)>ABS(INDEX('Picks Detail'!F218:Q218,1,D81)-'Picks Detail'!E218),"L","T")),"T")))) -> - | G81: =IF(F81="W",10,IF(F81="T",5,0)) -> 0 | H81: =IF(C81="",0,C81) -> 0 | I81: =G81+H81 -> 0
A82: 2 | B82: =Roster!B4 -> Chris Simmons | C82: =SUMPRODUCT(('Picks Detail'!G202:G217<>"")*('Picks Detail'!E202:E217<>"")*('Picks Detail'!G202:G217='Picks Detail'!E202:E217)*('Picks Detail'!T202:T217)) -> 0 | D82: 5 | E82: =IFERROR(INDEX(C$81:C$92,MATCH(5,A$81:A$92,0)),0) -> 0 | F82: =IF(C82=0,"-",IF(C82>E82,"W",IF(C82<E82,"L",IF(AND('Picks Detail'!E218<>"",INDEX('Picks Detail'!F218:Q218,1,A82)<>"",INDEX('Picks Detail'!F218:Q218,1,D82)<>""),IF(ABS(INDEX('Picks Detail'!F218:Q218,1,A82)-'Picks Detail'!E218)<ABS(INDEX('Picks Detail'!F218:Q218,1,D82)-'Picks Detail'!E218),"W",IF(ABS(INDEX('Picks Detail'!F218:Q218,1,A82)-'Picks Detail'!E218)>ABS(INDEX('Picks Detail'!F218:Q218,1,D82)-'Picks Detail'!E218),"L","T")),"T")))) -> - | G82: =IF(F82="W",10,IF(F82="T",5,0)) -> 0 | H82: =IF(C82="",0,C82) -> 0 | I82: =G82+H82 -> 0
A83: 3 | B83: =Roster!B5 -> Jack Smith | C83: =SUMPRODUCT(('Picks Detail'!H202:H217<>"")*('Picks Detail'!E202:E217<>"")*('Picks Detail'!H202:H217='Picks Detail'!E202:E217)*('Picks Detail'!U202:U217)) -> 0 | D83: 11 | E83: =IFERROR(INDEX(C$81:C$92,MATCH(11,A$81:A$92,0)),0) -> 0 | F83: =IF(C83=0,"-",IF(C83>E83,"W",IF(C83<E83,"L",IF(AND('Picks Detail'!E218<>"",INDEX('Picks Detail'!F218:Q218,1,A83)<>"",INDEX('Picks Detail'!F218:Q218,1,D83)<>""),IF(ABS(INDEX('Picks Detail'!F218:Q218,1,A83)-'Picks Detail'!E218)<ABS(INDEX('Picks Detail'!F218:Q218,1,D83)-'Picks Detail'!E218),"W",IF(ABS(INDEX('Picks Detail'!F218:Q218,1,A83)-'Picks Detail'!E218)>ABS(INDEX('Picks Detail'!F218:Q218,1,D83)-'Picks Detail'!E218),"L","T")),"T")))) -> - | G83: =IF(F83="W",10,IF(F83="T",5,0)) -> 0 | H83: =IF(C83="",0,C83) -> 0 | I83: =G83+H83 -> 0
A84: 4 | B84: =Roster!B6 -> Luke Ussery | C84: =SUMPRODUCT(('Picks Detail'!I202:I217<>"")*('Picks Detail'!E202:E217<>"")*('Picks Detail'!I202:I217='Picks Detail'!E202:E217)*('Picks Detail'!V202:V217)) -> 0 | D84: 12 | E84: =IFERROR(INDEX(C$81:C$92,MATCH(12,A$81:A$92,0)),0) -> 0 | F84: =IF(C84=0,"-",IF(C84>E84,"W",IF(C84<E84,"L",IF(AND('Picks Detail'!E218<>"",INDEX('Picks Detail'!F218:Q218,1,A84)<>"",INDEX('Picks Detail'!F218:Q218,1,D84)<>""),IF(ABS(INDEX('Picks Detail'!F218:Q218,1,A84)-'Picks Detail'!E218)<ABS(INDEX('Picks Detail'!F218:Q218,1,D84)-'Picks Detail'!E218),"W",IF(ABS(INDEX('Picks Detail'!F218:Q218,1,A84)-'Picks Detail'!E218)>ABS(INDEX('Picks Detail'!F218:Q218,1,D84)-'Picks Detail'!E218),"L","T")),"T")))) -> - | G84: =IF(F84="W",10,IF(F84="T",5,0)) -> 0 | H84: =IF(C84="",0,C84) -> 0 | I84: =G84+H84 -> 0
A85: 5 | B85: =Roster!B7 -> Mikayla Simmons | C85: =SUMPRODUCT(('Picks Detail'!J202:J217<>"")*('Picks Detail'!E202:E217<>"")*('Picks Detail'!J202:J217='Picks Detail'!E202:E217)*('Picks Detail'!W202:W217)) -> 0 | D85: 2 | E85: =IFERROR(INDEX(C$81:C$92,MATCH(2,A$81:A$92,0)),0) -> 0 | F85: =IF(C85=0,"-",IF(C85>E85,"W",IF(C85<E85,"L",IF(AND('Picks Detail'!E218<>"",INDEX('Picks Detail'!F218:Q218,1,A85)<>"",INDEX('Picks Detail'!F218:Q218,1,D85)<>""),IF(ABS(INDEX('Picks Detail'!F218:Q218,1,A85)-'Picks Detail'!E218)<ABS(INDEX('Picks Detail'!F218:Q218,1,D85)-'Picks Detail'!E218),"W",IF(ABS(INDEX('Picks Detail'!F218:Q218,1,A85)-'Picks Detail'!E218)>ABS(INDEX('Picks Detail'!F218:Q218,1,D85)-'Picks Detail'!E218),"L","T")),"T")))) -> - | G85: =IF(F85="W",10,IF(F85="T",5,0)) -> 0 | H85: =IF(C85="",0,C85) -> 0 | I85: =G85+H85 -> 0
A86: 6 | B86: =Roster!B8 -> Alan Loeser | C86: =SUMPRODUCT(('Picks Detail'!K202:K217<>"")*('Picks Detail'!E202:E217<>"")*('Picks Detail'!K202:K217='Picks Detail'!E202:E217)*('Picks Detail'!X202:X217)) -> 0 | D86: 1 | E86: =IFERROR(INDEX(C$81:C$92,MATCH(1,A$81:A$92,0)),0) -> 0 | F86: =IF(C86=0,"-",IF(C86>E86,"W",IF(C86<E86,"L",IF(AND('Picks Detail'!E218<>"",INDEX('Picks Detail'!F218:Q218,1,A86)<>"",INDEX('Picks Detail'!F218:Q218,1,D86)<>""),IF(ABS(INDEX('Picks Detail'!F218:Q218,1,A86)-'Picks Detail'!E218)<ABS(INDEX('Picks Detail'!F218:Q218,1,D86)-'Picks Detail'!E218),"W",IF(ABS(INDEX('Picks Detail'!F218:Q218,1,A86)-'Picks Detail'!E218)>ABS(INDEX('Picks Detail'!F218:Q218,1,D86)-'Picks Detail'!E218),"L","T")),"T")))) -> - | G86: =IF(F86="W",10,IF(F86="T",5,0)) -> 0 | H86: =IF(C86="",0,C86) -> 0 | I86: =G86+H86 -> 0
A87: 7 | B87: =Roster!B9 -> Caleb Simmons | C87: =SUMPRODUCT(('Picks Detail'!L202:L217<>"")*('Picks Detail'!E202:E217<>"")*('Picks Detail'!L202:L217='Picks Detail'!E202:E217)*('Picks Detail'!Y202:Y217)) -> 0 | D87: 9 | E87: =IFERROR(INDEX(C$81:C$92,MATCH(9,A$81:A$92,0)),0) -> 0 | F87: =IF(C87=0,"-",IF(C87>E87,"W",IF(C87<E87,"L",IF(AND('Picks Detail'!E218<>"",INDEX('Picks Detail'!F218:Q218,1,A87)<>"",INDEX('Picks Detail'!F218:Q218,1,D87)<>""),IF(ABS(INDEX('Picks Detail'!F218:Q218,1,A87)-'Picks Detail'!E218)<ABS(INDEX('Picks Detail'!F218:Q218,1,D87)-'Picks Detail'!E218),"W",IF(ABS(INDEX('Picks Detail'!F218:Q218,1,A87)-'Picks Detail'!E218)>ABS(INDEX('Picks Detail'!F218:Q218,1,D87)-'Picks Detail'!E218),"L","T")),"T")))) -> - | G87: =IF(F87="W",10,IF(F87="T",5,0)) -> 0 | H87: =IF(C87="",0,C87) -> 0 | I87: =G87+H87 -> 0
A88: 8 | B88: =Roster!B10 -> Larry Loeser | C88: =SUMPRODUCT(('Picks Detail'!M202:M217<>"")*('Picks Detail'!E202:E217<>"")*('Picks Detail'!M202:M217='Picks Detail'!E202:E217)*('Picks Detail'!Z202:Z217)) -> 0 | D88: 10 | E88: =IFERROR(INDEX(C$81:C$92,MATCH(10,A$81:A$92,0)),0) -> 0 | F88: =IF(C88=0,"-",IF(C88>E88,"W",IF(C88<E88,"L",IF(AND('Picks Detail'!E218<>"",INDEX('Picks Detail'!F218:Q218,1,A88)<>"",INDEX('Picks Detail'!F218:Q218,1,D88)<>""),IF(ABS(INDEX('Picks Detail'!F218:Q218,1,A88)-'Picks Detail'!E218)<ABS(INDEX('Picks Detail'!F218:Q218,1,D88)-'Picks Detail'!E218),"W",IF(ABS(INDEX('Picks Detail'!F218:Q218,1,A88)-'Picks Detail'!E218)>ABS(INDEX('Picks Detail'!F218:Q218,1,D88)-'Picks Detail'!E218),"L","T")),"T")))) -> - | G88: =IF(F88="W",10,IF(F88="T",5,0)) -> 0 | H88: =IF(C88="",0,C88) -> 0 | I88: =G88+H88 -> 0
A89: 9 | B89: =Roster!B11 -> Daddy Michael | C89: =SUMPRODUCT(('Picks Detail'!N202:N217<>"")*('Picks Detail'!E202:E217<>"")*('Picks Detail'!N202:N217='Picks Detail'!E202:E217)*('Picks Detail'!AA202:AA217)) -> 0 | D89: 7 | E89: =IFERROR(INDEX(C$81:C$92,MATCH(7,A$81:A$92,0)),0) -> 0 | F89: =IF(C89=0,"-",IF(C89>E89,"W",IF(C89<E89,"L",IF(AND('Picks Detail'!E218<>"",INDEX('Picks Detail'!F218:Q218,1,A89)<>"",INDEX('Picks Detail'!F218:Q218,1,D89)<>""),IF(ABS(INDEX('Picks Detail'!F218:Q218,1,A89)-'Picks Detail'!E218)<ABS(INDEX('Picks Detail'!F218:Q218,1,D89)-'Picks Detail'!E218),"W",IF(ABS(INDEX('Picks Detail'!F218:Q218,1,A89)-'Picks Detail'!E218)>ABS(INDEX('Picks Detail'!F218:Q218,1,D89)-'Picks Detail'!E218),"L","T")),"T")))) -> - | G89: =IF(F89="W",10,IF(F89="T",5,0)) -> 0 | H89: =IF(C89="",0,C89) -> 0 | I89: =G89+H89 -> 0
A90: 10 | B90: =Roster!B12 -> Zach Zarra | C90: =SUMPRODUCT(('Picks Detail'!O202:O217<>"")*('Picks Detail'!E202:E217<>"")*('Picks Detail'!O202:O217='Picks Detail'!E202:E217)*('Picks Detail'!AB202:AB217)) -> 0 | D90: 8 | E90: =IFERROR(INDEX(C$81:C$92,MATCH(8,A$81:A$92,0)),0) -> 0 | F90: =IF(C90=0,"-",IF(C90>E90,"W",IF(C90<E90,"L",IF(AND('Picks Detail'!E218<>"",INDEX('Picks Detail'!F218:Q218,1,A90)<>"",INDEX('Picks Detail'!F218:Q218,1,D90)<>""),IF(ABS(INDEX('Picks Detail'!F218:Q218,1,A90)-'Picks Detail'!E218)<ABS(INDEX('Picks Detail'!F218:Q218,1,D90)-'Picks Detail'!E218),"W",IF(ABS(INDEX('Picks Detail'!F218:Q218,1,A90)-'Picks Detail'!E218)>ABS(INDEX('Picks Detail'!F218:Q218,1,D90)-'Picks Detail'!E218),"L","T")),"T")))) -> - | G90: =IF(F90="W",10,IF(F90="T",5,0)) -> 0 | H90: =IF(C90="",0,C90) -> 0 | I90: =G90+H90 -> 0
A91: 11 | B91: =Roster!B13 -> Jeffrey Loeser | C91: =SUMPRODUCT(('Picks Detail'!P202:P217<>"")*('Picks Detail'!E202:E217<>"")*('Picks Detail'!P202:P217='Picks Detail'!E202:E217)*('Picks Detail'!AC202:AC217)) -> 0 | D91: 3 | E91: =IFERROR(INDEX(C$81:C$92,MATCH(3,A$81:A$92,0)),0) -> 0 | F91: =IF(C91=0,"-",IF(C91>E91,"W",IF(C91<E91,"L",IF(AND('Picks Detail'!E218<>"",INDEX('Picks Detail'!F218:Q218,1,A91)<>"",INDEX('Picks Detail'!F218:Q218,1,D91)<>""),IF(ABS(INDEX('Picks Detail'!F218:Q218,1,A91)-'Picks Detail'!E218)<ABS(INDEX('Picks Detail'!F218:Q218,1,D91)-'Picks Detail'!E218),"W",IF(ABS(INDEX('Picks Detail'!F218:Q218,1,A91)-'Picks Detail'!E218)>ABS(INDEX('Picks Detail'!F218:Q218,1,D91)-'Picks Detail'!E218),"L","T")),"T")))) -> - | G91: =IF(F91="W",10,IF(F91="T",5,0)) -> 0 | H91: =IF(C91="",0,C91) -> 0 | I91: =G91+H91 -> 0
A92: 12 | B92: =Roster!B14 -> Jake Andrews | C92: =SUMPRODUCT(('Picks Detail'!Q202:Q217<>"")*('Picks Detail'!E202:E217<>"")*('Picks Detail'!Q202:Q217='Picks Detail'!E202:E217)*('Picks Detail'!AD202:AD217)) -> 0 | D92: 4 | E92: =IFERROR(INDEX(C$81:C$92,MATCH(4,A$81:A$92,0)),0) -> 0 | F92: =IF(C92=0,"-",IF(C92>E92,"W",IF(C92<E92,"L",IF(AND('Picks Detail'!E218<>"",INDEX('Picks Detail'!F218:Q218,1,A92)<>"",INDEX('Picks Detail'!F218:Q218,1,D92)<>""),IF(ABS(INDEX('Picks Detail'!F218:Q218,1,A92)-'Picks Detail'!E218)<ABS(INDEX('Picks Detail'!F218:Q218,1,D92)-'Picks Detail'!E218),"W",IF(ABS(INDEX('Picks Detail'!F218:Q218,1,A92)-'Picks Detail'!E218)>ABS(INDEX('Picks Detail'!F218:Q218,1,D92)-'Picks Detail'!E218),"L","T")),"T")))) -> - | G92: =IF(F92="W",10,IF(F92="T",5,0)) -> 0 | H92: =IF(C92="",0,C92) -> 0 | I92: =G92+H92 -> 0

Sheet Wk 13-18 Input
A1: WEEKS 13-18 — WEEKLY INPUT
A2: Enter correct picks. Division play.
A4: WEEK 13
A5: Player # | B5: Player Name | C5: Correct Picks | D5: H2H Opp | E5: Opp Picks | F5: H2H Result | G5: Wins | H5: Losses | I5: Total Picks
A6: 1 | B6: =Roster!B3 -> Evan Loeser | C6: =SUMPRODUCT(('Picks Detail'!F221:F234<>"")*('Picks Detail'!E221:E234<>"")*('Picks Detail'!F221:F234='Picks Detail'!E221:E234)) -> 0 | D6: 4 | E6: =IFERROR(INDEX(C$6:C$17,MATCH(4,A$6:A$17,0)),0) -> 0 | F6: =IF(C6=0,"-",IF(C6>E6,"W",IF(C6<E6,"L",IF(AND('Picks Detail'!E235<>"",INDEX('Picks Detail'!F235:Q235,1,A6)<>"",INDEX('Picks Detail'!F235:Q235,1,D6)<>""),IF(ABS(INDEX('Picks Detail'!F235:Q235,1,A6)-'Picks Detail'!E235)<ABS(INDEX('Picks Detail'!F235:Q235,1,D6)-'Picks Detail'!E235),"W",IF(ABS(INDEX('Picks Detail'!F235:Q235,1,A6)-'Picks Detail'!E235)>ABS(INDEX('Picks Detail'!F235:Q235,1,D6)-'Picks Detail'!E235),"L","T")),"T")))) -> - | G6: =IF(F6="W",1,IF(F6="T",0.5,0)) -> 0 | H6: =IF(F6="L",1,IF(F6="T",0.5,0)) -> 0 | I6: =IF(C6="",0,C6) -> 0
A7: 2 | B7: =Roster!B4 -> Chris Simmons | C7: =SUMPRODUCT(('Picks Detail'!G221:G234<>"")*('Picks Detail'!E221:E234<>"")*('Picks Detail'!G221:G234='Picks Detail'!E221:E234)) -> 0 | D7: 3 | E7: =IFERROR(INDEX(C$6:C$17,MATCH(3,A$6:A$17,0)),0) -> 0 | F7: =IF(C7=0,"-",IF(C7>E7,"W",IF(C7<E7,"L",IF(AND('Picks Detail'!E235<>"",INDEX('Picks Detail'!F235:Q235,1,A7)<>"",INDEX('Picks Detail'!F235:Q235,1,D7)<>""),IF(ABS(INDEX('Picks Detail'!F235:Q235,1,A7)-'Picks Detail'!E235)<ABS(INDEX('Picks Detail'!F235:Q235,1,D7)-'Picks Detail'!E235),"W",IF(ABS(INDEX('Picks Detail'!F235:Q235,1,A7)-'Picks Detail'!E235)>ABS(INDEX('Picks Detail'!F235:Q235,1,D7)-'Picks Detail'!E235),"L","T")),"T")))) -> - | G7: =IF(F7="W",1,IF(F7="T",0.5,0)) -> 0 | H7: =IF(F7="L",1,IF(F7="T",0.5,0)) -> 0 | I7: =IF(C7="",0,C7) -> 0
A8: 3 | B8: =Roster!B5 -> Jack Smith | C8: =SUMPRODUCT(('Picks Detail'!H221:H234<>"")*('Picks Detail'!E221:E234<>"")*('Picks Detail'!H221:H234='Picks Detail'!E221:E234)) -> 0 | D8: 2 | E8: =IFERROR(INDEX(C$6:C$17,MATCH(2,A$6:A$17,0)),0) -> 0 | F8: =IF(C8=0,"-",IF(C8>E8,"W",IF(C8<E8,"L",IF(AND('Picks Detail'!E235<>"",INDEX('Picks Detail'!F235:Q235,1,A8)<>"",INDEX('Picks Detail'!F235:Q235,1,D8)<>""),IF(ABS(INDEX('Picks Detail'!F235:Q235,1,A8)-'Picks Detail'!E235)<ABS(INDEX('Picks Detail'!F235:Q235,1,D8)-'Picks Detail'!E235),"W",IF(ABS(INDEX('Picks Detail'!F235:Q235,1,A8)-'Picks Detail'!E235)>ABS(INDEX('Picks Detail'!F235:Q235,1,D8)-'Picks Detail'!E235),"L","T")),"T")))) -> - | G8: =IF(F8="W",1,IF(F8="T",0.5,0)) -> 0 | H8: =IF(F8="L",1,IF(F8="T",0.5,0)) -> 0 | I8: =IF(C8="",0,C8) -> 0
A9: 4 | B9: =Roster!B6 -> Luke Ussery | C9: =SUMPRODUCT(('Picks Detail'!I221:I234<>"")*('Picks Detail'!E221:E234<>"")*('Picks Detail'!I221:I234='Picks Detail'!E221:E234)) -> 0 | D9: 1 | E9: =IFERROR(INDEX(C$6:C$17,MATCH(1,A$6:A$17,0)),0) -> 0 | F9: =IF(C9=0,"-",IF(C9>E9,"W",IF(C9<E9,"L",IF(AND('Picks Detail'!E235<>"",INDEX('Picks Detail'!F235:Q235,1,A9)<>"",INDEX('Picks Detail'!F235:Q235,1,D9)<>""),IF(ABS(INDEX('Picks Detail'!F235:Q235,1,A9)-'Picks Detail'!E235)<ABS(INDEX('Picks Detail'!F235:Q235,1,D9)-'Picks Detail'!E235),"W",IF(ABS(INDEX('Picks Detail'!F235:Q235,1,A9)-'Picks Detail'!E235)>ABS(INDEX('Picks Detail'!F235:Q235,1,D9)-'Picks Detail'!E235),"L","T")),"T")))) -> - | G9: =IF(F9="W",1,IF(F9="T",0.5,0)) -> 0 | H9: =IF(F9="L",1,IF(F9="T",0.5,0)) -> 0 | I9: =IF(C9="",0,C9) -> 0
A10: 5 | B10: =Roster!B7 -> Mikayla Simmons | C10: =SUMPRODUCT(('Picks Detail'!J221:J234<>"")*('Picks Detail'!E221:E234<>"")*('Picks Detail'!J221:J234='Picks Detail'!E221:E234)) -> 0 | D10: 8 | E10: =IFERROR(INDEX(C$6:C$17,MATCH(8,A$6:A$17,0)),0) -> 0 | F10: =IF(C10=0,"-",IF(C10>E10,"W",IF(C10<E10,"L",IF(AND('Picks Detail'!E235<>"",INDEX('Picks Detail'!F235:Q235,1,A10)<>"",INDEX('Picks Detail'!F235:Q235,1,D10)<>""),IF(ABS(INDEX('Picks Detail'!F235:Q235,1,A10)-'Picks Detail'!E235)<ABS(INDEX('Picks Detail'!F235:Q235,1,D10)-'Picks Detail'!E235),"W",IF(ABS(INDEX('Picks Detail'!F235:Q235,1,A10)-'Picks Detail'!E235)>ABS(INDEX('Picks Detail'!F235:Q235,1,D10)-'Picks Detail'!E235),"L","T")),"T")))) -> - | G10: =IF(F10="W",1,IF(F10="T",0.5,0)) -> 0 | H10: =IF(F10="L",1,IF(F10="T",0.5,0)) -> 0 | I10: =IF(C10="",0,C10) -> 0
A11: 6 | B11: =Roster!B8 -> Alan Loeser | C11: =SUMPRODUCT(('Picks Detail'!K221:K234<>"")*('Picks Detail'!E221:E234<>"")*('Picks Detail'!K221:K234='Picks Detail'!E221:E234)) -> 0 | D11: 7 | E11: =IFERROR(INDEX(C$6:C$17,MATCH(7,A$6:A$17,0)),0) -> 0 | F11: =IF(C11=0,"-",IF(C11>E11,"W",IF(C11<E11,"L",IF(AND('Picks Detail'!E235<>"",INDEX('Picks Detail'!F235:Q235,1,A11)<>"",INDEX('Picks Detail'!F235:Q235,1,D11)<>""),IF(ABS(INDEX('Picks Detail'!F235:Q235,1,A11)-'Picks Detail'!E235)<ABS(INDEX('Picks Detail'!F235:Q235,1,D11)-'Picks Detail'!E235),"W",IF(ABS(INDEX('Picks Detail'!F235:Q235,1,A11)-'Picks Detail'!E235)>ABS(INDEX('Picks Detail'!F235:Q235,1,D11)-'Picks Detail'!E235),"L","T")),"T")))) -> - | G11: =IF(F11="W",1,IF(F11="T",0.5,0)) -> 0 | H11: =IF(F11="L",1,IF(F11="T",0.5,0)) -> 0 | I11: =IF(C11="",0,C11) -> 0
A12: 7 | B12: =Roster!B9 -> Caleb Simmons | C12: =SUMPRODUCT(('Picks Detail'!L221:L234<>"")*('Picks Detail'!E221:E234<>"")*('Picks Detail'!L221:L234='Picks Detail'!E221:E234)) -> 0 | D12: 6 | E12: =IFERROR(INDEX(C$6:C$17,MATCH(6,A$6:A$17,0)),0) -> 0 | F12: =IF(C12=0,"-",IF(C12>E12,"W",IF(C12<E12,"L",IF(AND('Picks Detail'!E235<>"",INDEX('Picks Detail'!F235:Q235,1,A12)<>"",INDEX('Picks Detail'!F235:Q235,1,D12)<>""),IF(ABS(INDEX('Picks Detail'!F235:Q235,1,A12)-'Picks Detail'!E235)<ABS(INDEX('Picks Detail'!F235:Q235,1,D12)-'Picks Detail'!E235),"W",IF(ABS(INDEX('Picks Detail'!F235:Q235,1,A12)-'Picks Detail'!E235)>ABS(INDEX('Picks Detail'!F235:Q235,1,D12)-'Picks Detail'!E235),"L","T")),"T")))) -> - | G12: =IF(F12="W",1,IF(F12="T",0.5,0)) -> 0 | H12: =IF(F12="L",1,IF(F12="T",0.5,0)) -> 0 | I12: =IF(C12="",0,C12) -> 0
A13: 8 | B13: =Roster!B10 -> Larry Loeser | C13: =SUMPRODUCT(('Picks Detail'!M221:M234<>"")*('Picks Detail'!E221:E234<>"")*('Picks Detail'!M221:M234='Picks Detail'!E221:E234)) -> 0 | D13: 5 | E13: =IFERROR(INDEX(C$6:C$17,MATCH(5,A$6:A$17,0)),0) -> 0 | F13: =IF(C13=0,"-",IF(C13>E13,"W",IF(C13<E13,"L",IF(AND('Picks Detail'!E235<>"",INDEX('Picks Detail'!F235:Q235,1,A13)<>"",INDEX('Picks Detail'!F235:Q235,1,D13)<>""),IF(ABS(INDEX('Picks Detail'!F235:Q235,1,A13)-'Picks Detail'!E235)<ABS(INDEX('Picks Detail'!F235:Q235,1,D13)-'Picks Detail'!E235),"W",IF(ABS(INDEX('Picks Detail'!F235:Q235,1,A13)-'Picks Detail'!E235)>ABS(INDEX('Picks Detail'!F235:Q235,1,D13)-'Picks Detail'!E235),"L","T")),"T")))) -> - | G13: =IF(F13="W",1,IF(F13="T",0.5,0)) -> 0 | H13: =IF(F13="L",1,IF(F13="T",0.5,0)) -> 0 | I13: =IF(C13="",0,C13) -> 0
A14: 9 | B14: =Roster!B11 -> Daddy Michael | C14: =SUMPRODUCT(('Picks Detail'!N221:N234<>"")*('Picks Detail'!E221:E234<>"")*('Picks Detail'!N221:N234='Picks Detail'!E221:E234)) -> 0 | D14: 12 | E14: =IFERROR(INDEX(C$6:C$17,MATCH(12,A$6:A$17,0)),0) -> 0 | F14: =IF(C14=0,"-",IF(C14>E14,"W",IF(C14<E14,"L",IF(AND('Picks Detail'!E235<>"",INDEX('Picks Detail'!F235:Q235,1,A14)<>"",INDEX('Picks Detail'!F235:Q235,1,D14)<>""),IF(ABS(INDEX('Picks Detail'!F235:Q235,1,A14)-'Picks Detail'!E235)<ABS(INDEX('Picks Detail'!F235:Q235,1,D14)-'Picks Detail'!E235),"W",IF(ABS(INDEX('Picks Detail'!F235:Q235,1,A14)-'Picks Detail'!E235)>ABS(INDEX('Picks Detail'!F235:Q235,1,D14)-'Picks Detail'!E235),"L","T")),"T")))) -> - | G14: =IF(F14="W",1,IF(F14="T",0.5,0)) -> 0 | H14: =IF(F14="L",1,IF(F14="T",0.5,0)) -> 0 | I14: =IF(C14="",0,C14) -> 0
A15: 10 | B15: =Roster!B12 -> Zach Zarra | C15: =SUMPRODUCT(('Picks Detail'!O221:O234<>"")*('Picks Detail'!E221:E234<>"")*('Picks Detail'!O221:O234='Picks Detail'!E221:E234)) -> 0 | D15: 11 | E15: =IFERROR(INDEX(C$6:C$17,MATCH(11,A$6:A$17,0)),0) -> 0 | F15: =IF(C15=0,"-",IF(C15>E15,"W",IF(C15<E15,"L",IF(AND('Picks Detail'!E235<>"",INDEX('Picks Detail'!F235:Q235,1,A15)<>"",INDEX('Picks Detail'!F235:Q235,1,D15)<>""),IF(ABS(INDEX('Picks Detail'!F235:Q235,1,A15)-'Picks Detail'!E235)<ABS(INDEX('Picks Detail'!F235:Q235,1,D15)-'Picks Detail'!E235),"W",IF(ABS(INDEX('Picks Detail'!F235:Q235,1,A15)-'Picks Detail'!E235)>ABS(INDEX('Picks Detail'!F235:Q235,1,D15)-'Picks Detail'!E235),"L","T")),"T")))) -> - | G15: =IF(F15="W",1,IF(F15="T",0.5,0)) -> 0 | H15: =IF(F15="L",1,IF(F15="T",0.5,0)) -> 0 | I15: =IF(C15="",0,C15) -> 0
A16: 11 | B16: =Roster!B13 -> Jeffrey Loeser | C16: =SUMPRODUCT(('Picks Detail'!P221:P234<>"")*('Picks Detail'!E221:E234<>"")*('Picks Detail'!P221:P234='Picks Detail'!E221:E234)) -> 0 | D16: 10 | E16: =IFERROR(INDEX(C$6:C$17,MATCH(10,A$6:A$17,0)),0) -> 0 | F16: =IF(C16=0,"-",IF(C16>E16,"W",IF(C16<E16,"L",IF(AND('Picks Detail'!E235<>"",INDEX('Picks Detail'!F235:Q235,1,A16)<>"",INDEX('Picks Detail'!F235:Q235,1,D16)<>""),IF(ABS(INDEX('Picks Detail'!F235:Q235,1,A16)-'Picks Detail'!E235)<ABS(INDEX('Picks Detail'!F235:Q235,1,D16)-'Picks Detail'!E235),"W",IF(ABS(INDEX('Picks Detail'!F235:Q235,1,A16)-'Picks Detail'!E235)>ABS(INDEX('Picks Detail'!F235:Q235,1,D16)-'Picks Detail'!E235),"L","T")),"T")))) -> - | G16: =IF(F16="W",1,IF(F16="T",0.5,0)) -> 0 | H16: =IF(F16="L",1,IF(F16="T",0.5,0)) -> 0 | I16: =IF(C16="",0,C16) -> 0
A17: 12 | B17: =Roster!B14 -> Jake Andrews | C17: =SUMPRODUCT(('Picks Detail'!Q221:Q234<>"")*('Picks Detail'!E221:E234<>"")*('Picks Detail'!Q221:Q234='Picks Detail'!E221:E234)) -> 0 | D17: 9 | E17: =IFERROR(INDEX(C$6:C$17,MATCH(9,A$6:A$17,0)),0) -> 0 | F17: =IF(C17=0,"-",IF(C17>E17,"W",IF(C17<E17,"L",IF(AND('Picks Detail'!E235<>"",INDEX('Picks Detail'!F235:Q235,1,A17)<>"",INDEX('Picks Detail'!F235:Q235,1,D17)<>""),IF(ABS(INDEX('Picks Detail'!F235:Q235,1,A17)-'Picks Detail'!E235)<ABS(INDEX('Picks Detail'!F235:Q235,1,D17)-'Picks Detail'!E235),"W",IF(ABS(INDEX('Picks Detail'!F235:Q235,1,A17)-'Picks Detail'!E235)>ABS(INDEX('Picks Detail'!F235:Q235,1,D17)-'Picks Detail'!E235),"L","T")),"T")))) -> - | G17: =IF(F17="W",1,IF(F17="T",0.5,0)) -> 0 | H17: =IF(F17="L",1,IF(F17="T",0.5,0)) -> 0 | I17: =IF(C17="",0,C17) -> 0
A19: WEEK 14
A20: Player # | B20: Player Name | C20: Correct Picks | D20: H2H Opp | E20: Opp Picks | F20: H2H Result | G20: Wins | H20: Losses | I20: Total Picks
A21: 1 | B21: =Roster!B3 -> Evan Loeser | C21: =SUMPRODUCT(('Picks Detail'!F238:F252<>"")*('Picks Detail'!E238:E252<>"")*('Picks Detail'!F238:F252='Picks Detail'!E238:E252)) -> 0 | D21: 3 | E21: =IFERROR(INDEX(C$21:C$32,MATCH(3,A$21:A$32,0)),0) -> 0 | F21: =IF(C21=0,"-",IF(C21>E21,"W",IF(C21<E21,"L",IF(AND('Picks Detail'!E253<>"",INDEX('Picks Detail'!F253:Q253,1,A21)<>"",INDEX('Picks Detail'!F253:Q253,1,D21)<>""),IF(ABS(INDEX('Picks Detail'!F253:Q253,1,A21)-'Picks Detail'!E253)<ABS(INDEX('Picks Detail'!F253:Q253,1,D21)-'Picks Detail'!E253),"W",IF(ABS(INDEX('Picks Detail'!F253:Q253,1,A21)-'Picks Detail'!E253)>ABS(INDEX('Picks Detail'!F253:Q253,1,D21)-'Picks Detail'!E253),"L","T")),"T")))) -> - | G21: =IF(F21="W",1,IF(F21="T",0.5,0)) -> 0 | H21: =IF(F21="L",1,IF(F21="T",0.5,0)) -> 0 | I21: =IF(C21="",0,C21) -> 0
A22: 2 | B22: =Roster!B4 -> Chris Simmons | C22: =SUMPRODUCT(('Picks Detail'!G238:G252<>"")*('Picks Detail'!E238:E252<>"")*('Picks Detail'!G238:G252='Picks Detail'!E238:E252)) -> 0 | D22: 4 | E22: =IFERROR(INDEX(C$21:C$32,MATCH(4,A$21:A$32,0)),0) -> 0 | F22: =IF(C22=0,"-",IF(C22>E22,"W",IF(C22<E22,"L",IF(AND('Picks Detail'!E253<>"",INDEX('Picks Detail'!F253:Q253,1,A22)<>"",INDEX('Picks Detail'!F253:Q253,1,D22)<>""),IF(ABS(INDEX('Picks Detail'!F253:Q253,1,A22)-'Picks Detail'!E253)<ABS(INDEX('Picks Detail'!F253:Q253,1,D22)-'Picks Detail'!E253),"W",IF(ABS(INDEX('Picks Detail'!F253:Q253,1,A22)-'Picks Detail'!E253)>ABS(INDEX('Picks Detail'!F253:Q253,1,D22)-'Picks Detail'!E253),"L","T")),"T")))) -> - | G22: =IF(F22="W",1,IF(F22="T",0.5,0)) -> 0 | H22: =IF(F22="L",1,IF(F22="T",0.5,0)) -> 0 | I22: =IF(C22="",0,C22) -> 0
A23: 3 | B23: =Roster!B5 -> Jack Smith | C23: =SUMPRODUCT(('Picks Detail'!H238:H252<>"")*('Picks Detail'!E238:E252<>"")*('Picks Detail'!H238:H252='Picks Detail'!E238:E252)) -> 0 | D23: 1 | E23: =IFERROR(INDEX(C$21:C$32,MATCH(1,A$21:A$32,0)),0) -> 0 | F23: =IF(C23=0,"-",IF(C23>E23,"W",IF(C23<E23,"L",IF(AND('Picks Detail'!E253<>"",INDEX('Picks Detail'!F253:Q253,1,A23)<>"",INDEX('Picks Detail'!F253:Q253,1,D23)<>""),IF(ABS(INDEX('Picks Detail'!F253:Q253,1,A23)-'Picks Detail'!E253)<ABS(INDEX('Picks Detail'!F253:Q253,1,D23)-'Picks Detail'!E253),"W",IF(ABS(INDEX('Picks Detail'!F253:Q253,1,A23)-'Picks Detail'!E253)>ABS(INDEX('Picks Detail'!F253:Q253,1,D23)-'Picks Detail'!E253),"L","T")),"T")))) -> - | G23: =IF(F23="W",1,IF(F23="T",0.5,0)) -> 0 | H23: =IF(F23="L",1,IF(F23="T",0.5,0)) -> 0 | I23: =IF(C23="",0,C23) -> 0
A24: 4 | B24: =Roster!B6 -> Luke Ussery | C24: =SUMPRODUCT(('Picks Detail'!I238:I252<>"")*('Picks Detail'!E238:E252<>"")*('Picks Detail'!I238:I252='Picks Detail'!E238:E252)) -> 0 | D24: 2 | E24: =IFERROR(INDEX(C$21:C$32,MATCH(2,A$21:A$32,0)),0) -> 0 | F24: =IF(C24=0,"-",IF(C24>E24,"W",IF(C24<E24,"L",IF(AND('Picks Detail'!E253<>"",INDEX('Picks Detail'!F253:Q253,1,A24)<>"",INDEX('Picks Detail'!F253:Q253,1,D24)<>""),IF(ABS(INDEX('Picks Detail'!F253:Q253,1,A24)-'Picks Detail'!E253)<ABS(INDEX('Picks Detail'!F253:Q253,1,D24)-'Picks Detail'!E253),"W",IF(ABS(INDEX('Picks Detail'!F253:Q253,1,A24)-'Picks Detail'!E253)>ABS(INDEX('Picks Detail'!F253:Q253,1,D24)-'Picks Detail'!E253),"L","T")),"T")))) -> - | G24: =IF(F24="W",1,IF(F24="T",0.5,0)) -> 0 | H24: =IF(F24="L",1,IF(F24="T",0.5,0)) -> 0 | I24: =IF(C24="",0,C24) -> 0
A25: 5 | B25: =Roster!B7 -> Mikayla Simmons | C25: =SUMPRODUCT(('Picks Detail'!J238:J252<>"")*('Picks Detail'!E238:E252<>"")*('Picks Detail'!J238:J252='Picks Detail'!E238:E252)) -> 0 | D25: 7 | E25: =IFERROR(INDEX(C$21:C$32,MATCH(7,A$21:A$32,0)),0) -> 0 | F25: =IF(C25=0,"-",IF(C25>E25,"W",IF(C25<E25,"L",IF(AND('Picks Detail'!E253<>"",INDEX('Picks Detail'!F253:Q253,1,A25)<>"",INDEX('Picks Detail'!F253:Q253,1,D25)<>""),IF(ABS(INDEX('Picks Detail'!F253:Q253,1,A25)-'Picks Detail'!E253)<ABS(INDEX('Picks Detail'!F253:Q253,1,D25)-'Picks Detail'!E253),"W",IF(ABS(INDEX('Picks Detail'!F253:Q253,1,A25)-'Picks Detail'!E253)>ABS(INDEX('Picks Detail'!F253:Q253,1,D25)-'Picks Detail'!E253),"L","T")),"T")))) -> - | G25: =IF(F25="W",1,IF(F25="T",0.5,0)) -> 0 | H25: =IF(F25="L",1,IF(F25="T",0.5,0)) -> 0 | I25: =IF(C25="",0,C25) -> 0
A26: 6 | B26: =Roster!B8 -> Alan Loeser | C26: =SUMPRODUCT(('Picks Detail'!K238:K252<>"")*('Picks Detail'!E238:E252<>"")*('Picks Detail'!K238:K252='Picks Detail'!E238:E252)) -> 0 | D26: 8 | E26: =IFERROR(INDEX(C$21:C$32,MATCH(8,A$21:A$32,0)),0) -> 0 | F26: =IF(C26=0,"-",IF(C26>E26,"W",IF(C26<E26,"L",IF(AND('Picks Detail'!E253<>"",INDEX('Picks Detail'!F253:Q253,1,A26)<>"",INDEX('Picks Detail'!F253:Q253,1,D26)<>""),IF(ABS(INDEX('Picks Detail'!F253:Q253,1,A26)-'Picks Detail'!E253)<ABS(INDEX('Picks Detail'!F253:Q253,1,D26)-'Picks Detail'!E253),"W",IF(ABS(INDEX('Picks Detail'!F253:Q253,1,A26)-'Picks Detail'!E253)>ABS(INDEX('Picks Detail'!F253:Q253,1,D26)-'Picks Detail'!E253),"L","T")),"T")))) -> - | G26: =IF(F26="W",1,IF(F26="T",0.5,0)) -> 0 | H26: =IF(F26="L",1,IF(F26="T",0.5,0)) -> 0 | I26: =IF(C26="",0,C26) -> 0
A27: 7 | B27: =Roster!B9 -> Caleb Simmons | C27: =SUMPRODUCT(('Picks Detail'!L238:L252<>"")*('Picks Detail'!E238:E252<>"")*('Picks Detail'!L238:L252='Picks Detail'!E238:E252)) -> 0 | D27: 5 | E27: =IFERROR(INDEX(C$21:C$32,MATCH(5,A$21:A$32,0)),0) -> 0 | F27: =IF(C27=0,"-",IF(C27>E27,"W",IF(C27<E27,"L",IF(AND('Picks Detail'!E253<>"",INDEX('Picks Detail'!F253:Q253,1,A27)<>"",INDEX('Picks Detail'!F253:Q253,1,D27)<>""),IF(ABS(INDEX('Picks Detail'!F253:Q253,1,A27)-'Picks Detail'!E253)<ABS(INDEX('Picks Detail'!F253:Q253,1,D27)-'Picks Detail'!E253),"W",IF(ABS(INDEX('Picks Detail'!F253:Q253,1,A27)-'Picks Detail'!E253)>ABS(INDEX('Picks Detail'!F253:Q253,1,D27)-'Picks Detail'!E253),"L","T")),"T")))) -> - | G27: =IF(F27="W",1,IF(F27="T",0.5,0)) -> 0 | H27: =IF(F27="L",1,IF(F27="T",0.5,0)) -> 0 | I27: =IF(C27="",0,C27) -> 0
A28: 8 | B28: =Roster!B10 -> Larry Loeser | C28: =SUMPRODUCT(('Picks Detail'!M238:M252<>"")*('Picks Detail'!E238:E252<>"")*('Picks Detail'!M238:M252='Picks Detail'!E238:E252)) -> 0 | D28: 6 | E28: =IFERROR(INDEX(C$21:C$32,MATCH(6,A$21:A$32,0)),0) -> 0 | F28: =IF(C28=0,"-",IF(C28>E28,"W",IF(C28<E28,"L",IF(AND('Picks Detail'!E253<>"",INDEX('Picks Detail'!F253:Q253,1,A28)<>"",INDEX('Picks Detail'!F253:Q253,1,D28)<>""),IF(ABS(INDEX('Picks Detail'!F253:Q253,1,A28)-'Picks Detail'!E253)<ABS(INDEX('Picks Detail'!F253:Q253,1,D28)-'Picks Detail'!E253),"W",IF(ABS(INDEX('Picks Detail'!F253:Q253,1,A28)-'Picks Detail'!E253)>ABS(INDEX('Picks Detail'!F253:Q253,1,D28)-'Picks Detail'!E253),"L","T")),"T")))) -> - | G28: =IF(F28="W",1,IF(F28="T",0.5,0)) -> 0 | H28: =IF(F28="L",1,IF(F28="T",0.5,0)) -> 0 | I28: =IF(C28="",0,C28) -> 0
A29: 9 | B29: =Roster!B11 -> Daddy Michael | C29: =SUMPRODUCT(('Picks Detail'!N238:N252<>"")*('Picks Detail'!E238:E252<>"")*('Picks Detail'!N238:N252='Picks Detail'!E238:E252)) -> 0 | D29: 11 | E29: =IFERROR(INDEX(C$21:C$32,MATCH(11,A$21:A$32,0)),0) -> 0 | F29: =IF(C29=0,"-",IF(C29>E29,"W",IF(C29<E29,"L",IF(AND('Picks Detail'!E253<>"",INDEX('Picks Detail'!F253:Q253,1,A29)<>"",INDEX('Picks Detail'!F253:Q253,1,D29)<>""),IF(ABS(INDEX('Picks Detail'!F253:Q253,1,A29)-'Picks Detail'!E253)<ABS(INDEX('Picks Detail'!F253:Q253,1,D29)-'Picks Detail'!E253),"W",IF(ABS(INDEX('Picks Detail'!F253:Q253,1,A29)-'Picks Detail'!E253)>ABS(INDEX('Picks Detail'!F253:Q253,1,D29)-'Picks Detail'!E253),"L","T")),"T")))) -> - | G29: =IF(F29="W",1,IF(F29="T",0.5,0)) -> 0 | H29: =IF(F29="L",1,IF(F29="T",0.5,0)) -> 0 | I29: =IF(C29="",0,C29) -> 0
A30: 10 | B30: =Roster!B12 -> Zach Zarra | C30: =SUMPRODUCT(('Picks Detail'!O238:O252<>"")*('Picks Detail'!E238:E252<>"")*('Picks Detail'!O238:O252='Picks Detail'!E238:E252)) -> 0 | D30: 12 | E30: =IFERROR(INDEX(C$21:C$32,MATCH(12,A$21:A$32,0)),0) -> 0 | F30: =IF(C30=0,"-",IF(C30>E30,"W",IF(C30<E30,"L",IF(AND('Picks Detail'!E253<>"",INDEX('Picks Detail'!F253:Q253,1,A30)<>"",INDEX('Picks Detail'!F253:Q253,1,D30)<>""),IF(ABS(INDEX('Picks Detail'!F253:Q253,1,A30)-'Picks Detail'!E253)<ABS(INDEX('Picks Detail'!F253:Q253,1,D30)-'Picks Detail'!E253),"W",IF(ABS(INDEX('Picks Detail'!F253:Q253,1,A30)-'Picks Detail'!E253)>ABS(INDEX('Picks Detail'!F253:Q253,1,D30)-'Picks Detail'!E253),"L","T")),"T")))) -> - | G30: =IF(F30="W",1,IF(F30="T",0.5,0)) -> 0 | H30: =IF(F30="L",1,IF(F30="T",0.5,0)) -> 0 | I30: =IF(C30="",0,C30) -> 0
A31: 11 | B31: =Roster!B13 -> Jeffrey Loeser | C31: =SUMPRODUCT(('Picks Detail'!P238:P252<>"")*('Picks Detail'!E238:E252<>"")*('Picks Detail'!P238:P252='Picks Detail'!E238:E252)) -> 0 | D31: 9 | E31: =IFERROR(INDEX(C$21:C$32,MATCH(9,A$21:A$32,0)),0) -> 0 | F31: =IF(C31=0,"-",IF(C31>E31,"W",IF(C31<E31,"L",IF(AND('Picks Detail'!E253<>"",INDEX('Picks Detail'!F253:Q253,1,A31)<>"",INDEX('Picks Detail'!F253:Q253,1,D31)<>""),IF(ABS(INDEX('Picks Detail'!F253:Q253,1,A31)-'Picks Detail'!E253)<ABS(INDEX('Picks Detail'!F253:Q253,1,D31)-'Picks Detail'!E253),"W",IF(ABS(INDEX('Picks Detail'!F253:Q253,1,A31)-'Picks Detail'!E253)>ABS(INDEX('Picks Detail'!F253:Q253,1,D31)-'Picks Detail'!E253),"L","T")),"T")))) -> - | G31: =IF(F31="W",1,IF(F31="T",0.5,0)) -> 0 | H31: =IF(F31="L",1,IF(F31="T",0.5,0)) -> 0 | I31: =IF(C31="",0,C31) -> 0
A32: 12 | B32: =Roster!B14 -> Jake Andrews | C32: =SUMPRODUCT(('Picks Detail'!Q238:Q252<>"")*('Picks Detail'!E238:E252<>"")*('Picks Detail'!Q238:Q252='Picks Detail'!E238:E252)) -> 0 | D32: 10 | E32: =IFERROR(INDEX(C$21:C$32,MATCH(10,A$21:A$32,0)),0) -> 0 | F32: =IF(C32=0,"-",IF(C32>E32,"W",IF(C32<E32,"L",IF(AND('Picks Detail'!E253<>"",INDEX('Picks Detail'!F253:Q253,1,A32)<>"",INDEX('Picks Detail'!F253:Q253,1,D32)<>""),IF(ABS(INDEX('Picks Detail'!F253:Q253,1,A32)-'Picks Detail'!E253)<ABS(INDEX('Picks Detail'!F253:Q253,1,D32)-'Picks Detail'!E253),"W",IF(ABS(INDEX('Picks Detail'!F253:Q253,1,A32)-'Picks Detail'!E253)>ABS(INDEX('Picks Detail'!F253:Q253,1,D32)-'Picks Detail'!E253),"L","T")),"T")))) -> - | G32: =IF(F32="W",1,IF(F32="T",0.5,0)) -> 0 | H32: =IF(F32="L",1,IF(F32="T",0.5,0)) -> 0 | I32: =IF(C32="",0,C32) -> 0
A34: WEEK 15
A35: Player # | B35: Player Name | C35: Correct Picks | D35: H2H Opp | E35: Opp Picks | F35: H2H Result | G35: Wins | H35: Losses | I35: Total Picks
A36: 1 | B36: =Roster!B3 -> Evan Loeser | C36: =SUMPRODUCT(('Picks Detail'!F256:F271<>"")*('Picks Detail'!E256:E271<>"")*('Picks Detail'!F256:F271='Picks Detail'!E256:E271)) -> 0 | D36: 2 | E36: =IFERROR(INDEX(C$36:C$47,MATCH(2,A$36:A$47,0)),0) -> 0 | F36: =IF(C36=0,"-",IF(C36>E36,"W",IF(C36<E36,"L",IF(AND('Picks Detail'!E272<>"",INDEX('Picks Detail'!F272:Q272,1,A36)<>"",INDEX('Picks Detail'!F272:Q272,1,D36)<>""),IF(ABS(INDEX('Picks Detail'!F272:Q272,1,A36)-'Picks Detail'!E272)<ABS(INDEX('Picks Detail'!F272:Q272,1,D36)-'Picks Detail'!E272),"W",IF(ABS(INDEX('Picks Detail'!F272:Q272,1,A36)-'Picks Detail'!E272)>ABS(INDEX('Picks Detail'!F272:Q272,1,D36)-'Picks Detail'!E272),"L","T")),"T")))) -> - | G36: =IF(F36="W",1,IF(F36="T",0.5,0)) -> 0 | H36: =IF(F36="L",1,IF(F36="T",0.5,0)) -> 0 | I36: =IF(C36="",0,C36) -> 0
A37: 2 | B37: =Roster!B4 -> Chris Simmons | C37: =SUMPRODUCT(('Picks Detail'!G256:G271<>"")*('Picks Detail'!E256:E271<>"")*('Picks Detail'!G256:G271='Picks Detail'!E256:E271)) -> 0 | D37: 1 | E37: =IFERROR(INDEX(C$36:C$47,MATCH(1,A$36:A$47,0)),0) -> 0 | F37: =IF(C37=0,"-",IF(C37>E37,"W",IF(C37<E37,"L",IF(AND('Picks Detail'!E272<>"",INDEX('Picks Detail'!F272:Q272,1,A37)<>"",INDEX('Picks Detail'!F272:Q272,1,D37)<>""),IF(ABS(INDEX('Picks Detail'!F272:Q272,1,A37)-'Picks Detail'!E272)<ABS(INDEX('Picks Detail'!F272:Q272,1,D37)-'Picks Detail'!E272),"W",IF(ABS(INDEX('Picks Detail'!F272:Q272,1,A37)-'Picks Detail'!E272)>ABS(INDEX('Picks Detail'!F272:Q272,1,D37)-'Picks Detail'!E272),"L","T")),"T")))) -> - | G37: =IF(F37="W",1,IF(F37="T",0.5,0)) -> 0 | H37: =IF(F37="L",1,IF(F37="T",0.5,0)) -> 0 | I37: =IF(C37="",0,C37) -> 0
A38: 3 | B38: =Roster!B5 -> Jack Smith | C38: =SUMPRODUCT(('Picks Detail'!H256:H271<>"")*('Picks Detail'!E256:E271<>"")*('Picks Detail'!H256:H271='Picks Detail'!E256:E271)) -> 0 | D38: 4 | E38: =IFERROR(INDEX(C$36:C$47,MATCH(4,A$36:A$47,0)),0) -> 0 | F38: =IF(C38=0,"-",IF(C38>E38,"W",IF(C38<E38,"L",IF(AND('Picks Detail'!E272<>"",INDEX('Picks Detail'!F272:Q272,1,A38)<>"",INDEX('Picks Detail'!F272:Q272,1,D38)<>""),IF(ABS(INDEX('Picks Detail'!F272:Q272,1,A38)-'Picks Detail'!E272)<ABS(INDEX('Picks Detail'!F272:Q272,1,D38)-'Picks Detail'!E272),"W",IF(ABS(INDEX('Picks Detail'!F272:Q272,1,A38)-'Picks Detail'!E272)>ABS(INDEX('Picks Detail'!F272:Q272,1,D38)-'Picks Detail'!E272),"L","T")),"T")))) -> - | G38: =IF(F38="W",1,IF(F38="T",0.5,0)) -> 0 | H38: =IF(F38="L",1,IF(F38="T",0.5,0)) -> 0 | I38: =IF(C38="",0,C38) -> 0
A39: 4 | B39: =Roster!B6 -> Luke Ussery | C39: =SUMPRODUCT(('Picks Detail'!I256:I271<>"")*('Picks Detail'!E256:E271<>"")*('Picks Detail'!I256:I271='Picks Detail'!E256:E271)) -> 0 | D39: 3 | E39: =IFERROR(INDEX(C$36:C$47,MATCH(3,A$36:A$47,0)),0) -> 0 | F39: =IF(C39=0,"-",IF(C39>E39,"W",IF(C39<E39,"L",IF(AND('Picks Detail'!E272<>"",INDEX('Picks Detail'!F272:Q272,1,A39)<>"",INDEX('Picks Detail'!F272:Q272,1,D39)<>""),IF(ABS(INDEX('Picks Detail'!F272:Q272,1,A39)-'Picks Detail'!E272)<ABS(INDEX('Picks Detail'!F272:Q272,1,D39)-'Picks Detail'!E272),"W",IF(ABS(INDEX('Picks Detail'!F272:Q272,1,A39)-'Picks Detail'!E272)>ABS(INDEX('Picks Detail'!F272:Q272,1,D39)-'Picks Detail'!E272),"L","T")),"T")))) -> - | G39: =IF(F39="W",1,IF(F39="T",0.5,0)) -> 0 | H39: =IF(F39="L",1,IF(F39="T",0.5,0)) -> 0 | I39: =IF(C39="",0,C39) -> 0
A40: 5 | B40: =Roster!B7 -> Mikayla Simmons | C40: =SUMPRODUCT(('Picks Detail'!J256:J271<>"")*('Picks Detail'!E256:E271<>"")*('Picks Detail'!J256:J271='Picks Detail'!E256:E271)) -> 0 | D40: 6 | E40: =IFERROR(INDEX(C$36:C$47,MATCH(6,A$36:A$47,0)),0) -> 0 | F40: =IF(C40=0,"-",IF(C40>E40,"W",IF(C40<E40,"L",IF(AND('Picks Detail'!E272<>"",INDEX('Picks Detail'!F272:Q272,1,A40)<>"",INDEX('Picks Detail'!F272:Q272,1,D40)<>""),IF(ABS(INDEX('Picks Detail'!F272:Q272,1,A40)-'Picks Detail'!E272)<ABS(INDEX('Picks Detail'!F272:Q272,1,D40)-'Picks Detail'!E272),"W",IF(ABS(INDEX('Picks Detail'!F272:Q272,1,A40)-'Picks Detail'!E272)>ABS(INDEX('Picks Detail'!F272:Q272,1,D40)-'Picks Detail'!E272),"L","T")),"T")))) -> - | G40: =IF(F40="W",1,IF(F40="T",0.5,0)) -> 0 | H40: =IF(F40="L",1,IF(F40="T",0.5,0)) -> 0 | I40: =IF(C40="",0,C40) -> 0
A41: 6 | B41: =Roster!B8 -> Alan Loeser | C41: =SUMPRODUCT(('Picks Detail'!K256:K271<>"")*('Picks Detail'!E256:E271<>"")*('Picks Detail'!K256:K271='Picks Detail'!E256:E271)) -> 0 | D41: 5 | E41: =IFERROR(INDEX(C$36:C$47,MATCH(5,A$36:A$47,0)),0) -> 0 | F41: =IF(C41=0,"-",IF(C41>E41,"W",IF(C41<E41,"L",IF(AND('Picks Detail'!E272<>"",INDEX('Picks Detail'!F272:Q272,1,A41)<>"",INDEX('Picks Detail'!F272:Q272,1,D41)<>""),IF(ABS(INDEX('Picks Detail'!F272:Q272,1,A41)-'Picks Detail'!E272)<ABS(INDEX('Picks Detail'!F272:Q272,1,D41)-'Picks Detail'!E272),"W",IF(ABS(INDEX('Picks Detail'!F272:Q272,1,A41)-'Picks Detail'!E272)>ABS(INDEX('Picks Detail'!F272:Q272,1,D41)-'Picks Detail'!E272),"L","T")),"T")))) -> - | G41: =IF(F41="W",1,IF(F41="T",0.5,0)) -> 0 | H41: =IF(F41="L",1,IF(F41="T",0.5,0)) -> 0 | I41: =IF(C41="",0,C41) -> 0
A42: 7 | B42: =Roster!B9 -> Caleb Simmons | C42: =SUMPRODUCT(('Picks Detail'!L256:L271<>"")*('Picks Detail'!E256:E271<>"")*('Picks Detail'!L256:L271='Picks Detail'!E256:E271)) -> 0 | D42: 8 | E42: =IFERROR(INDEX(C$36:C$47,MATCH(8,A$36:A$47,0)),0) -> 0 | F42: =IF(C42=0,"-",IF(C42>E42,"W",IF(C42<E42,"L",IF(AND('Picks Detail'!E272<>"",INDEX('Picks Detail'!F272:Q272,1,A42)<>"",INDEX('Picks Detail'!F272:Q272,1,D42)<>""),IF(ABS(INDEX('Picks Detail'!F272:Q272,1,A42)-'Picks Detail'!E272)<ABS(INDEX('Picks Detail'!F272:Q272,1,D42)-'Picks Detail'!E272),"W",IF(ABS(INDEX('Picks Detail'!F272:Q272,1,A42)-'Picks Detail'!E272)>ABS(INDEX('Picks Detail'!F272:Q272,1,D42)-'Picks Detail'!E272),"L","T")),"T")))) -> - | G42: =IF(F42="W",1,IF(F42="T",0.5,0)) -> 0 | H42: =IF(F42="L",1,IF(F42="T",0.5,0)) -> 0 | I42: =IF(C42="",0,C42) -> 0
A43: 8 | B43: =Roster!B10 -> Larry Loeser | C43: =SUMPRODUCT(('Picks Detail'!M256:M271<>"")*('Picks Detail'!E256:E271<>"")*('Picks Detail'!M256:M271='Picks Detail'!E256:E271)) -> 0 | D43: 7 | E43: =IFERROR(INDEX(C$36:C$47,MATCH(7,A$36:A$47,0)),0) -> 0 | F43: =IF(C43=0,"-",IF(C43>E43,"W",IF(C43<E43,"L",IF(AND('Picks Detail'!E272<>"",INDEX('Picks Detail'!F272:Q272,1,A43)<>"",INDEX('Picks Detail'!F272:Q272,1,D43)<>""),IF(ABS(INDEX('Picks Detail'!F272:Q272,1,A43)-'Picks Detail'!E272)<ABS(INDEX('Picks Detail'!F272:Q272,1,D43)-'Picks Detail'!E272),"W",IF(ABS(INDEX('Picks Detail'!F272:Q272,1,A43)-'Picks Detail'!E272)>ABS(INDEX('Picks Detail'!F272:Q272,1,D43)-'Picks Detail'!E272),"L","T")),"T")))) -> - | G43: =IF(F43="W",1,IF(F43="T",0.5,0)) -> 0 | H43: =IF(F43="L",1,IF(F43="T",0.5,0)) -> 0 | I43: =IF(C43="",0,C43) -> 0
